DATE,bank_credits
03/01/1973,567.2553
10/01/1973,565.5054
17/01/1973,565.3477
24/01/1973,565.1737
31/01/1973,569.7089
07/02/1973,571.2254
14/02/1973,573.5717
21/02/1973,574.7042
28/02/1973,577.518
07/03/1973,581.5757
14/03/1973,582.7181
21/03/1973,584.2137
28/03/1973,586.1701
04/04/1973,587.5392
11/04/1973,589.1442
18/04/1973,589.1377
25/04/1973,591.1341
02/05/1973,593.4399
09/05/1973,594.5321
16/05/1973,594.4818
23/05/1973,595.4865
30/05/1973,598.963
06/06/1973,601.5
13/06/1973,602.8771
20/06/1973,603.5501
27/06/1973,605.4626
04/07/1973,606.8473
11/07/1973,609.9411
18/07/1973,608.9051
25/07/1973,610.7133
01/08/1973,613.3477
08/08/1973,614.9775
15/08/1973,618.6221
22/08/1973,615.5519
29/08/1973,616.2351
05/09/1973,620.4894
12/09/1973,621.1427
19/09/1973,620.4723
26/09/1973,622.0711
03/10/1973,623.3404
10/10/1973,626.2011
17/10/1973,623.7863
24/10/1973,625.8254
31/10/1973,627.4142
07/11/1973,632.1742
14/11/1973,629.6947
21/11/1973,631.272
28/11/1973,631.6332
05/12/1973,636.3865
12/12/1973,638.7466
19/12/1973,640.099
26/12/1973,645.2428
02/01/1974,644.9049
09/01/1974,643.2164
16/01/1974,644.2714
23/01/1974,645.1132
30/01/1974,645.0434
06/02/1974,647.3202
13/02/1974,646.7248
20/02/1974,648.1402
27/02/1974,649.7123
06/03/1974,654.7801
13/03/1974,655.7101
20/03/1974,657.4908
27/03/1974,660.8952
03/04/1974,666.7548
10/04/1974,668.9034
17/04/1974,671.3413
24/04/1974,670.7133
01/05/1974,674.2538
08/05/1974,673.7612
15/05/1974,675.6747
22/05/1974,674.9901
29/05/1974,676.3028
05/06/1974,679.3084
12/06/1974,681.1222
19/06/1974,682.6979
26/06/1974,683.8853
03/07/1974,686.078
10/07/1974,686.1277
17/07/1974,686.2906
24/07/1974,686.3538
31/07/1974,690.3408
07/08/1974,691.0397
14/08/1974,690.9209
21/08/1974,690.7183
28/08/1974,692.2409
04/09/1974,692.9515
11/09/1974,695.0395
18/09/1974,694.152
25/09/1974,691.9667
02/10/1974,692.5638
09/10/1974,693.7354
16/10/1974,693.917
23/10/1974,693.2164
30/10/1974,693.5605
06/11/1974,694.599
13/11/1974,696.7992
20/11/1974,696.5027
27/11/1974,696.6358
04/12/1974,700.3472
11/12/1974,701.414
18/12/1974,703.4548
25/12/1974,704.0068
01/01/1975,707.1556
08/01/1975,703.5225
15/01/1975,701.7357
22/01/1975,698.1405
29/01/1975,696.8606
05/02/1975,697.2
12/02/1975,693.9701
19/02/1975,697.3089
26/02/1975,696.0499
05/03/1975,700.4742
12/03/1975,700.9701
19/03/1975,700.7331
26/03/1975,699.6054
02/04/1975,700.431
09/04/1975,703.3214
16/04/1975,705.2144
23/04/1975,702.9919
30/04/1975,704.9045
07/05/1975,705.2927
14/05/1975,704.2365
21/05/1975,704.6976
28/05/1975,705.0104
04/06/1975,706.0105
11/06/1975,709.2187
18/06/1975,710.1087
25/06/1975,708.7019
02/07/1975,709.4179
09/07/1975,710.0552
16/07/1975,708.9294
23/07/1975,709.0077
30/07/1975,709.613
06/08/1975,711.0877
13/08/1975,711.468
20/08/1975,712.7599
27/08/1975,712.043
03/09/1975,714.971
10/09/1975,716.8982
17/09/1975,717.3362
24/09/1975,717.0995
01/10/1975,720.3392
08/10/1975,720.4281
15/10/1975,720.0774
22/10/1975,720.0509
29/10/1975,719.4138
05/11/1975,720.9696
12/11/1975,721.0585
19/11/1975,721.2255
26/11/1975,726.6598
03/12/1975,726.9881
10/12/1975,730.2733
17/12/1975,733.5308
24/12/1975,734.3924
31/12/1975,738.2839
07/01/1976,730.5494
14/01/1976,730.6658
21/01/1976,729.2212
28/01/1976,729.9663
04/02/1976,731.0805
11/02/1976,730.456
18/02/1976,733.2271
25/02/1976,731.92
03/03/1976,734.0081
10/03/1976,737.6557
17/03/1976,738.9317
24/03/1976,739.5316
31/03/1976,740.1142
07/04/1976,741.5661
14/04/1976,743.5574
21/04/1976,745.7793
28/04/1976,744.6244
05/05/1976,744.3747
12/05/1976,745.082
19/05/1976,748.3544
26/05/1976,748.2618
02/06/1976,752.1742
09/06/1976,752.7434
16/06/1976,753.896
23/06/1976,752.8462
30/06/1976,757.8391
07/07/1976,752.8198
14/07/1976,754.5687
21/07/1976,755.0462
28/07/1976,754.2612
04/08/1976,755.655
11/08/1976,758.2642
18/08/1976,760.461
25/08/1976,760.4326
01/09/1976,761.958
08/09/1976,760.1676
15/09/1976,764.3446
22/09/1976,765.9532
29/09/1976,767.2831
06/10/1976,770.273
13/10/1976,769.9942
20/10/1976,772.8405
27/10/1976,773.9386
03/11/1976,775.4842
10/11/1976,775.3244
17/11/1976,781.3701
24/11/1976,782.1475
01/12/1976,785.6417
08/12/1976,788.7363
15/12/1976,793.2252
22/12/1976,794.4618
29/12/1976,796.7592
05/01/1977,793.3387
12/01/1977,794.1697
19/01/1977,794.1092
26/01/1977,792.0722
02/02/1977,793.2889
09/02/1977,795.0884
16/02/1977,798.8105
23/02/1977,798.8051
02/03/1977,802.6789
09/03/1977,805.3608
16/03/1977,808.9079
23/03/1977,808.3654
30/03/1977,808.9481
06/04/1977,813.1719
13/04/1977,813.5698
20/04/1977,818.4968
27/04/1977,817.8338
04/05/1977,819.8767
11/05/1977,821.7338
18/05/1977,823.1978
25/05/1977,824.1922
01/06/1977,826.3744
08/06/1977,828.051
15/06/1977,832.5348
22/06/1977,830.813
29/06/1977,832.7858
06/07/1977,831.7431
13/07/1977,834.049
20/07/1977,836.8743
27/07/1977,836.7833
03/08/1977,839.0736
10/08/1977,841.4877
17/08/1977,843.131
24/08/1977,843.1551
31/08/1977,846.0543
07/09/1977,849.5581
14/09/1977,850.0069
21/09/1977,852.0581
28/09/1977,852.7453
05/10/1977,852.9159
12/10/1977,855.1299
19/10/1977,858.9331
26/10/1977,860.043
02/11/1977,861.6313
09/11/1977,863.6474
16/11/1977,865.8598
23/11/1977,866.5754
30/11/1977,868.997
07/12/1977,873.3249
14/12/1977,875.2132
21/12/1977,880.2024
28/12/1977,881.8564
04/01/1978,881.2524
11/01/1978,882.266
18/01/1978,879.8093
25/01/1978,881.9196
01/02/1978,884.2041
08/02/1978,886.8839
15/02/1978,887.606
22/02/1978,888.4432
01/03/1978,893.3942
08/03/1978,897.595
15/03/1978,901.551
22/03/1978,900.8647
29/03/1978,903.1088
05/04/1978,907.9003
12/04/1978,910.7129
19/04/1978,914.4345
26/04/1978,914.9229
03/05/1978,916.1701
10/05/1978,918.3617
17/05/1978,918.832
24/05/1978,921.1077
31/05/1978,927.5734
07/06/1978,930.7082
14/06/1978,932.0811
21/06/1978,934.9719
28/06/1978,937.5672
05/07/1978,938.9497
12/07/1978,940.137
19/07/1978,941.296
26/07/1978,944.4363
02/08/1978,944.782
09/08/1978,944.828
16/08/1978,948.0567
23/08/1978,949.6705
30/08/1978,951.9846
06/09/1978,956.5278
13/09/1978,958.085
20/09/1978,963.2119
27/09/1978,965.6437
04/10/1978,966.2436
11/10/1978,970.0522
18/10/1978,970.6963
25/10/1978,973.8759
01/11/1978,979.0093
08/11/1978,978.61
15/11/1978,983.612
22/11/1978,985.9617
29/11/1978,987.7472
06/12/1978,989.436
13/12/1978,993.0338
20/12/1978,997.9168
27/12/1978,1001.0723
03/01/1979,994.009
10/01/1979,997.9384
17/01/1979,998.1658
24/01/1979,1003.2533
31/01/1979,1003.0688
07/02/1979,1004.4531
14/02/1979,1006.4324
21/02/1979,1009.523
28/02/1979,1011.2247
07/03/1979,1013.8076
14/03/1979,1016.7338
21/03/1979,1022.0613
28/03/1979,1024.8134
04/04/1979,1028.8389
11/04/1979,1033.452
18/04/1979,1036.9081
25/04/1979,1038.4732
02/05/1979,1038.9254
09/05/1979,1042.4794
16/05/1979,1045.64
23/05/1979,1048.7777
30/05/1979,1050.1816
06/06/1979,1054.5588
13/06/1979,1058.2342
20/06/1979,1062.0173
27/06/1979,1065.2979
04/07/1979,1068.2084
11/07/1979,1074.2608
18/07/1979,1074.0402
25/07/1979,1078.262
01/08/1979,1077.9415
08/08/1979,1078.9
15/08/1979,1081.7357
22/08/1979,1083.9171
29/08/1979,1085.6484
05/09/1979,1092.1745
12/09/1979,1095.6205
19/09/1979,1101.3623
26/09/1979,1102.0782
03/10/1979,1100.2006
10/10/1979,1105.1174
17/10/1979,1104.2121
24/10/1979,1104.97
31/10/1979,1104.8039
07/11/1979,1102.4274
14/11/1979,1105.1851
21/11/1979,1103.6959
28/11/1979,1102.8665
05/12/1979,1106.9267
12/12/1979,1109.3383
19/12/1979,1110.4019
26/12/1979,1111.935
02/01/1980,1110.9161
09/01/1980,1113.3075
16/01/1980,1114.0063
23/01/1980,1116.5121
30/01/1980,1115.6049
06/02/1980,1122.7838
13/02/1980,1126.0171
20/02/1980,1130.7715
27/02/1980,1130.8365
05/03/1980,1134.9727
12/03/1980,1137.7391
19/03/1980,1137.6301
26/03/1980,1138.9039
02/04/1980,1140.9894
09/04/1980,1141.392
16/04/1980,1139.379
23/04/1980,1139.2984
30/04/1980,1140.0037
07/05/1980,1135.6716
14/05/1980,1137.9398
21/05/1980,1137.8052
28/05/1980,1137.3376
04/06/1980,1134.7083
11/06/1980,1135.9319
18/06/1980,1136.1372
25/06/1980,1138.966
02/07/1980,1139.0132
09/07/1980,1141.95
16/07/1980,1144.4518
23/07/1980,1147.8602
30/07/1980,1147.6551
06/08/1980,1153.1806
13/08/1980,1153.986
20/08/1980,1158.2987
27/08/1980,1160.4721
03/09/1980,1160.6688
10/09/1980,1162.8088
17/09/1980,1164.5409
24/09/1980,1166.1341
01/10/1980,1171.9224
08/10/1980,1172.906
15/10/1980,1176.6534
22/10/1980,1180.4111
29/10/1980,1183.3956
05/11/1980,1189.8252
12/11/1980,1193.9636
19/11/1980,1195.88
26/11/1980,1200.2973
03/12/1980,1200.2659
10/12/1980,1207.1323
17/12/1980,1206.8186
24/12/1980,1207.9353
31/12/1980,1209.8429
07/01/1981,1210.1056
14/01/1981,1214.0636
21/01/1981,1215.2739
28/01/1981,1217.162
04/02/1981,1218.9052
11/02/1981,1218.8664
18/02/1981,1219.8084
25/02/1981,1222.2329
04/03/1981,1223.8402
11/03/1981,1222.7569
18/03/1981,1224.1955
25/03/1981,1224.8175
01/04/1981,1230.7583
08/04/1981,1229.8242
15/04/1981,1232.6868
22/04/1981,1235.4538
29/04/1981,1239.3042
06/05/1981,1245.146
13/05/1981,1246.4132
20/05/1981,1247.6322
27/05/1981,1250.0673
03/06/1981,1254.1997
10/06/1981,1253.8388
17/06/1981,1258.2996
24/06/1981,1258.0204
01/07/1981,1261.7867
08/07/1981,1259.1122
15/07/1981,1262.3508
22/07/1981,1263.6449
29/07/1981,1266.457
05/08/1981,1271.1281
12/08/1981,1270.2756
19/08/1981,1267.1769
26/08/1981,1272.0373
02/09/1981,1274.0235
09/09/1981,1274.2998
16/09/1981,1275.9348
23/09/1981,1275.3978
30/09/1981,1285.6041
07/10/1981,1281.5583
14/10/1981,1282.4449
21/10/1981,1285.5302
28/10/1981,1284.2704
04/11/1981,1286.2911
11/11/1981,1288.0971
18/11/1981,1288.7857
25/11/1981,1293.4231
02/12/1981,1295.2615
09/12/1981,1284.7978
16/12/1981,1285.794
23/12/1981,1283.139
30/12/1981,1285.1742
06/01/1982,1283.7744
13/01/1982,1288.2709
20/01/1982,1288.9696
27/01/1982,1295.4951
03/02/1982,1297.9664
10/02/1982,1302.4513
17/02/1982,1304.492
24/02/1982,1307.9502
03/03/1982,1305.1615
10/03/1982,1308.2939
17/03/1982,1310.5774
24/03/1982,1312.9758
31/03/1982,1319.8699
07/04/1982,1327.8444
14/04/1982,1325.338
21/04/1982,1325.6388
28/04/1982,1325.1596
05/05/1982,1330.7098
12/05/1982,1332.4197
19/05/1982,1332.6465
26/05/1982,1339.0528
02/06/1982,1338.164
09/06/1982,1343.0416
16/06/1982,1341.4915
23/06/1982,1342.4197
30/06/1982,1346.2365
07/07/1982,1345.661
14/07/1982,1349.1704
21/07/1982,1348.6537
28/07/1982,1352.3263
04/08/1982,1351.712
11/08/1982,1354.2678
18/08/1982,1354.8539
25/08/1982,1355.8288
01/09/1982,1359.4057
08/09/1982,1360.9645
15/09/1982,1364.1927
22/09/1982,1365.4441
29/09/1982,1367.0864
06/10/1982,1370.9729
13/10/1982,1374.0785
20/10/1982,1375.0521
27/10/1982,1376.2131
03/11/1982,1375.5293
10/11/1982,1374.7263
17/11/1982,1373.4456
24/11/1982,1375.4434
01/12/1982,1375.5578
08/12/1982,1381.2567
15/12/1982,1381.5847
22/12/1982,1384.6879
29/12/1982,1381.5345
05/01/1983,1389.3978
12/01/1983,1390.4398
19/01/1983,1392.3926
26/01/1983,1396.8702
02/02/1983,1399.5273
09/02/1983,1398.6385
16/02/1983,1399.7989
23/02/1983,1400.5734
02/03/1983,1409.3735
09/03/1983,1410.1885
16/03/1983,1414.1423
23/03/1983,1417.0822
30/03/1983,1420.6188
06/04/1983,1424.6058
13/04/1983,1423.9546
20/04/1983,1429.2003
27/04/1983,1430.1645
04/05/1983,1431.3104
11/05/1983,1435.5076
18/05/1983,1438.5392
25/05/1983,1441.6828
01/06/1983,1449.6867
08/06/1983,1452.646
15/06/1983,1456.4468
22/06/1983,1456.9079
29/06/1983,1459.3899
06/07/1983,1463.7808
13/07/1983,1462.7297
20/07/1983,1468.3315
27/07/1983,1470.1174
03/08/1983,1473.1312
10/08/1983,1474.6796
17/08/1983,1478.8076
24/08/1983,1482.8445
31/08/1983,1485.0276
07/09/1983,1486.9481
14/09/1983,1488.2242
21/09/1983,1493.1248
28/09/1983,1493.6567
05/10/1983,1499.6835
12/10/1983,1504.3779
19/10/1983,1505.9308
26/10/1983,1513.2891
02/11/1983,1514.217
09/11/1983,1520.8426
16/11/1983,1522.9934
23/11/1983,1524.8604
30/11/1983,1525.5672
07/12/1983,1531.3727
14/12/1983,1534.4067
21/12/1983,1534.4924
28/12/1983,1533.5048
04/01/1984,1535.5814
11/01/1984,1538.4639
18/01/1984,1538.1949
25/01/1984,1540.6374
01/02/1984,1546.2331
08/02/1984,1551.4433
15/02/1984,1561.9858
22/02/1984,1561.1439
29/02/1984,1567.1403
07/03/1984,1568.5382
14/03/1984,1574.6253
21/03/1984,1575.6897
28/03/1984,1576.6937
04/04/1984,1586.2912
11/04/1984,1584.3952
18/04/1984,1593.242
25/04/1984,1598.0424
02/05/1984,1599.4862
09/05/1984,1604.8112
16/05/1984,1605.6007
23/05/1984,1610.869
30/05/1984,1613.9166
06/06/1984,1617.8633
13/06/1984,1617.7083
20/06/1984,1622.1593
27/06/1984,1625.8716
04/07/1984,1629.0122
11/07/1984,1633.393
18/07/1984,1631.1221
25/07/1984,1638.459
01/08/1984,1637.5313
08/08/1984,1639.407
15/08/1984,1642.7117
22/08/1984,1644.6731
29/08/1984,1645.8431
05/09/1984,1647.3261
12/09/1984,1654.9004
19/09/1984,1657.8551
26/09/1984,1659.0939
03/10/1984,1656.4697
10/10/1984,1664.0927
17/10/1984,1664.2809
24/10/1984,1667.2263
31/10/1984,1677.3993
07/11/1984,1679.0543
14/11/1984,1683.1042
21/11/1984,1683.3593
28/11/1984,1679.5113
05/12/1984,1689.6434
12/12/1984,1693.0082
19/12/1984,1698.3171
26/12/1984,1700.3957
02/01/1985,1695.7083
09/01/1985,1700.6569
16/01/1985,1700.3702
23/01/1985,1706.4015
30/01/1985,1708.0116
06/02/1985,1713.461
13/02/1985,1715.5888
20/02/1985,1724.8985
27/02/1985,1728.8097
06/03/1985,1732.7547
13/03/1985,1734.6884
20/03/1985,1736.4462
27/03/1985,1737.7889
03/04/1985,1737.2099
10/04/1985,1734.2792
17/04/1985,1733.9516
24/04/1985,1738.6909
01/05/1985,1739.6495
08/05/1985,1745.7307
15/05/1985,1753.8812
22/05/1985,1756.5915
29/05/1985,1757.4661
05/06/1985,1762.1754
12/06/1985,1765.9738
19/06/1985,1772.6433
26/06/1985,1775.0666
03/07/1985,1779.8287
10/07/1985,1780.3346
17/07/1985,1782.2786
24/07/1985,1782.5566
31/07/1985,1785.9164
07/08/1985,1784.5438
14/08/1985,1788.6022
21/08/1985,1793.7002
28/08/1985,1795.0555
04/09/1985,1798.4666
11/09/1985,1804.4156
18/09/1985,1804.658
25/09/1985,1811.1106
02/10/1985,1808.9116
09/10/1985,1811.5222
16/10/1985,1810.2233
23/10/1985,1811.0344
30/10/1985,1815.6004
06/11/1985,1825.3528
13/11/1985,1826.409
20/11/1985,1836.9161
27/11/1985,1842.2927
04/12/1985,1841.794
11/12/1985,1845.2662
18/12/1985,1857.9211
25/12/1985,1858.8095
01/01/1986,1879.2757
08/01/1986,1880.9183
15/01/1986,1886.5628
22/01/1986,1883.8829
29/01/1986,1882.2885
05/02/1986,1883.779
12/02/1986,1883.4884
19/02/1986,1890.2377
26/02/1986,1891.6786
05/03/1986,1893.2545
12/03/1986,1897.6459
19/03/1986,1901.0519
26/03/1986,1900.9986
02/04/1986,1909.0669
09/04/1986,1913.7232
16/04/1986,1913.393
23/04/1986,1910.995
30/04/1986,1918.2122
07/05/1986,1918.0204
14/05/1986,1921.8884
21/05/1986,1923.159
28/05/1986,1928.0135
04/06/1986,1928.1264
11/06/1986,1930.3958
18/06/1986,1930.8336
25/06/1986,1940.956
02/07/1986,1944.4052
09/07/1986,1947.5835
16/07/1986,1956.5141
23/07/1986,1962.0595
30/07/1986,1962.9165
06/08/1986,1969.3808
13/08/1986,1968.4605
20/08/1986,1974.5391
27/08/1986,1986.6032
03/09/1986,1992.7393
10/09/1986,1991.6106
17/09/1986,1998.0393
24/09/1986,1995.9935
01/10/1986,2002.5637
08/10/1986,1995.9838
15/10/1986,1997.0967
22/10/1986,1998.8745
29/10/1986,2001.0853
05/11/1986,2006.6243
12/11/1986,2017.5257
19/11/1986,2013.1875
26/11/1986,2026.9725
03/12/1986,2031.4167
10/12/1986,2037.2344
17/12/1986,2040.1158
24/12/1986,2065.754
31/12/1986,2080.29
07/01/1987,2076.6893
14/01/1987,2070.1644
21/01/1987,2072.1807
28/01/1987,2078.4469
04/02/1987,2073.2561
11/02/1987,2073.0021
18/02/1987,2074.7174
25/02/1987,2082.3895
04/03/1987,2082.8381
11/03/1987,2083.0683
18/03/1987,2088.0787
25/03/1987,2087.4531
01/04/1987,2100.7455
08/04/1987,2105.8973
15/04/1987,2112.5752
22/04/1987,2114.7485
29/04/1987,2116.3224
06/05/1987,2117.2445
13/05/1987,2115.9196
20/05/1987,2123.0083
27/05/1987,2125.6491
03/06/1987,2125.03
10/06/1987,2128.9289
17/06/1987,2130.3158
24/06/1987,2129.708
01/07/1987,2125.034
08/07/1987,2131.1447
15/07/1987,2134.9476
22/07/1987,2132.7941
29/07/1987,2136.5696
05/08/1987,2140.4279
12/08/1987,2145.4165
19/08/1987,2144.316
26/08/1987,2148.6757
02/09/1987,2149.3538
09/09/1987,2161.5741
16/09/1987,2167.5698
23/09/1987,2170.9643
30/09/1987,2179.2739
07/10/1987,2172.1105
14/10/1987,2174.6708
21/10/1987,2187.1872
28/10/1987,2189.9554
04/11/1987,2182.1185
11/11/1987,2183.0242
18/11/1987,2185.2401
25/11/1987,2185.6237
02/12/1987,2187.2334
09/12/1987,2194.5558
16/12/1987,2197.1315
23/12/1987,2200.613
30/12/1987,2203.1048
06/01/1988,2207.4013
13/01/1988,2209.9766
20/01/1988,2211.2549
27/01/1988,2217.2743
03/02/1988,2219.2145
10/02/1988,2216.864
17/02/1988,2220.1774
24/02/1988,2224.0598
02/03/1988,2229.898
09/03/1988,2233.4264
16/03/1988,2237.1425
23/03/1988,2237.919
30/03/1988,2245.2737
06/04/1988,2258.7339
13/04/1988,2251.9502
20/04/1988,2259.476
27/04/1988,2263.501
04/05/1988,2270.2205
11/05/1988,2276.6217
18/05/1988,2274.4059
25/05/1988,2284.9923
01/06/1988,2289.2487
08/06/1988,2292.2438
15/06/1988,2297.4857
22/06/1988,2300.1663
29/06/1988,2304.5248
06/07/1988,2312.1802
13/07/1988,2311.459
20/07/1988,2314.6099
27/07/1988,2316.4588
03/08/1988,2318.226
10/08/1988,2322.6177
17/08/1988,2322.1429
24/08/1988,2324.5311
31/08/1988,2326.6448
07/09/1988,2323.508
14/09/1988,2325.2726
21/09/1988,2331.8703
28/09/1988,2333.9858
05/10/1988,2338.1001
12/10/1988,2343.1135
19/10/1988,2340.789
26/10/1988,2342.7126
02/11/1988,2346.0529
09/11/1988,2348.4741
16/11/1988,2356.3229
23/11/1988,2361.388
30/11/1988,2363.7602
07/12/1988,2367.5709
14/12/1988,2366.0289
21/12/1988,2371.1155
28/12/1988,2368.5305
04/01/1989,2363.5717
11/01/1989,2372.1352
18/01/1989,2378.0933
25/01/1989,2379.904
01/02/1989,2378.4421
08/02/1989,2391.9979
15/02/1989,2397.4218
22/02/1989,2396.3256
01/03/1989,2396.8518
08/03/1989,2394.6848
15/03/1989,2402.1987
22/03/1989,2401.7672
29/03/1989,2412.6676
05/04/1989,2416.5955
12/04/1989,2415.5855
19/04/1989,2422.6743
26/04/1989,2425.9954
03/05/1989,2428.8404
10/05/1989,2431.6524
17/05/1989,2436.1005
24/05/1989,2444.359
31/05/1989,2446.2819
07/06/1989,2444.8815
14/06/1989,2445.3082
21/06/1989,2452.2827
28/06/1989,2455.9103
05/07/1989,2462.791
12/07/1989,2464.1287
19/07/1989,2468.7253
26/07/1989,2482.6849
02/08/1989,2478.0098
09/08/1989,2482.8181
16/08/1989,2486.2845
23/08/1989,2491.0817
30/08/1989,2490.0644
06/09/1989,2495.9029
13/09/1989,2496.0946
20/09/1989,2500.7978
27/09/1989,2500.4863
04/10/1989,2502.8441
11/10/1989,2512.7909
18/10/1989,2516.1874
25/10/1989,2524.7211
01/11/1989,2532.6207
08/11/1989,2525.4022
15/11/1989,2530.5893
22/11/1989,2533.0503
29/11/1989,2530.1402
06/12/1989,2536.7936
13/12/1989,2542.8315
20/12/1989,2540.5887
27/12/1989,2535.4247
03/01/1990,2535.6396
10/01/1990,2548.2572
17/01/1990,2550.8486
24/01/1990,2558.5763
31/01/1990,2562.9783
07/02/1990,2565.0623
14/02/1990,2567.7585
21/02/1990,2577.6438
28/02/1990,2576.6616
07/03/1990,2578.6109
14/03/1990,2578.6206
21/03/1990,2585.7988
28/03/1990,2583.7709
04/04/1990,2585.0771
11/04/1990,2591.0192
18/04/1990,2597.1475
25/04/1990,2599.2815
02/05/1990,2601.1753
09/05/1990,2603.6526
16/05/1990,2605.3228
23/05/1990,2611.0817
30/05/1990,2608.5526
06/06/1990,2617.3533
13/06/1990,2621.8743
20/06/1990,2627.0969
27/06/1990,2628.5302
04/07/1990,2620.3937
11/07/1990,2626.9553
18/07/1990,2633.2303
25/07/1990,2633.6059
01/08/1990,2634.9167
08/08/1990,2634.4459
15/08/1990,2642.9694
22/08/1990,2644.4721
29/08/1990,2642.129
05/09/1990,2646.3577
12/09/1990,2644.9834
19/09/1990,2649.3271
26/09/1990,2645.6551
03/10/1990,2648.6854
10/10/1990,2652.6191
17/10/1990,2654.1176
24/10/1990,2659.2762
31/10/1990,2660.7895
07/11/1990,2659.6826
14/11/1990,2661.9047
21/11/1990,2664.0504
28/11/1990,2660.2945
05/12/1990,2669.6909
12/12/1990,2674.4236
19/12/1990,2675.0352
26/12/1990,2677.9421
02/01/1991,2664.5009
09/01/1991,2668.0717
16/01/1991,2669.8142
23/01/1991,2678.6411
30/01/1991,2671.1852
06/02/1991,2673.7299
13/02/1991,2677.8561
20/02/1991,2684.6458
27/02/1991,2686.4838
06/03/1991,2689.8409
13/03/1991,2696.9468
20/03/1991,2700.4129
27/03/1991,2700.2479
03/04/1991,2699.8892
10/04/1991,2697.1526
17/04/1991,2697.0347
24/04/1991,2699.8445
01/05/1991,2705.1436
08/05/1991,2698.4643
15/05/1991,2702.6245
22/05/1991,2703.7491
29/05/1991,2705.4613
05/06/1991,2707.3377
12/06/1991,2712.3057
19/06/1991,2708.4937
26/06/1991,2718.2188
03/07/1991,2707.408
10/07/1991,2714.3397
17/07/1991,2707.7431
24/07/1991,2711.7702
31/07/1991,2713.7963
07/08/1991,2709.4618
14/08/1991,2708.1207
21/08/1991,2711.9147
28/08/1991,2711.6699
04/09/1991,2715.3753
11/09/1991,2718.0574
18/09/1991,2723.4815
25/09/1991,2724.2063
02/10/1991,2728.6684
09/10/1991,2733.2143
16/10/1991,2740.3294
23/10/1991,2740.4695
30/10/1991,2742.3003
06/11/1991,2746.0237
13/11/1991,2753.9196
20/11/1991,2753.5182
27/11/1991,2759.5517
04/12/1991,2759.2891
11/12/1991,2765.8948
18/12/1991,2768.5448
25/12/1991,2777.3226
01/01/1992,2774.2755
08/01/1992,2775.0218
15/01/1992,2775.1028
22/01/1992,2778.7896
29/01/1992,2780.9789
05/02/1992,2789.6549
12/02/1992,2781.3355
19/02/1992,2783.3552
26/02/1992,2780.0954
04/03/1992,2785.3047
11/03/1992,2786.4863
18/03/1992,2782.4722
25/03/1992,2792.4538
01/04/1992,2795.775
08/04/1992,2791.143
15/04/1992,2802.9339
22/04/1992,2795.0799
29/04/1992,2792.9713
06/05/1992,2801.4395
13/05/1992,2806.5364
20/05/1992,2799.8691
27/05/1992,2800.3117
03/06/1992,2799.8308
10/06/1992,2804.7084
17/06/1992,2803.2606
24/06/1992,2808.5929
01/07/1992,2809.5045
08/07/1992,2809.1061
15/07/1992,2814.7883
22/07/1992,2815.9106
29/07/1992,2807.0828
05/08/1992,2819.3016
12/08/1992,2820.0872
19/08/1992,2819.2222
26/08/1992,2823.0345
02/09/1992,2827.6902
09/09/1992,2828.7231
16/09/1992,2831.08
23/09/1992,2832.404
30/09/1992,2843.2344
07/10/1992,2835.6885
14/10/1992,2840.3601
21/10/1992,2838.5661
28/10/1992,2840.6185
04/11/1992,2842.5456
11/11/1992,2848.1208
18/11/1992,2844.9021
25/11/1992,2852.0076
02/12/1992,2854.1029
09/12/1992,2858.0696
16/12/1992,2856.957
23/12/1992,2862.1433
30/12/1992,2866.9807
06/01/1993,2859.8932
13/01/1993,2858.1876
20/01/1993,2859.6131
27/01/1993,2856.5523
03/02/1993,2869.1346
10/02/1993,2866.7547
17/02/1993,2869.1682
24/02/1993,2870.4002
03/03/1993,2875.047
10/03/1993,2876.2255
17/03/1993,2884.0579
24/03/1993,2883.1879
31/03/1993,2891.3078
07/04/1993,2886.6603
14/04/1993,2889.1292
21/04/1993,2891.3834
28/04/1993,2899.2081
05/05/1993,2901.0674
12/05/1993,2907.6602
19/05/1993,2906.3491
26/05/1993,2911.3052
02/06/1993,2924.4092
09/06/1993,2924.5086
16/06/1993,2924.2729
23/06/1993,2927.0896
30/06/1993,2940.5136
07/07/1993,2943.6998
14/07/1993,2940.2185
21/07/1993,2943.8628
28/07/1993,2943.7671
04/08/1993,2957.9556
11/08/1993,2954.0889
18/08/1993,2954.1991
25/08/1993,2951.3728
01/09/1993,2952.9458
08/09/1993,2952.9625
15/09/1993,2963.6706
22/09/1993,2962.0238
29/09/1993,2963.4916
06/10/1993,2962.3964
13/10/1993,2965.2866
20/10/1993,2962.3906
27/10/1993,2962.2682
03/11/1993,2966.5737
10/11/1993,2976.4844
17/11/1993,2970.2515
24/11/1993,2973.183
01/12/1993,2985.9343
08/12/1993,2985.6682
15/12/1993,2993.7248
22/12/1993,2992.7585
29/12/1993,2996.7497
05/01/1994,3011.1696
12/01/1994,3012.2216
19/01/1994,3006.2581
26/01/1994,2999.1199
02/02/1994,3002.5966
09/02/1994,3007.9606
16/02/1994,3007.863
23/02/1994,3002.9135
02/03/1994,3020.0729
09/03/1994,3027.198
16/03/1994,3034.2191
23/03/1994,3043.2615
30/03/1994,3052.1261
06/04/1994,3055.737
13/04/1994,3054.8047
20/04/1994,3060.3372
27/04/1994,3057.5432
04/05/1994,3055.3145
11/05/1994,3062.2762
18/05/1994,3059.2885
25/05/1994,3063.6285
01/06/1994,3066.8792
08/06/1994,3064.6016
15/06/1994,3079.2468
22/06/1994,3078.6078
29/06/1994,3084.9443
06/07/1994,3096.072
13/07/1994,3102.0527
20/07/1994,3105.5585
27/07/1994,3109.862
03/08/1994,3103.9198
10/08/1994,3108.6032
17/08/1994,3115.4898
24/08/1994,3118.9184
31/08/1994,3127.3385
07/09/1994,3119.35
14/09/1994,3129.4035
21/09/1994,3136.0334
28/09/1994,3131.3577
05/10/1994,3132.4748
12/10/1994,3136.4637
19/10/1994,3141.521
26/10/1994,3141.9468
02/11/1994,3147.4358
09/11/1994,3142.7977
16/11/1994,3153.6478
23/11/1994,3149.2797
30/11/1994,3156.8511
07/12/1994,3160.2551
14/12/1994,3166.7117
21/12/1994,3180.3597
28/12/1994,3182.4211
04/01/1995,3188.1605
11/01/1995,3194.6039
18/01/1995,3200.6388
25/01/1995,3204.2107
01/02/1995,3210.7432
08/02/1995,3203.8727
15/02/1995,3205.3952
22/02/1995,3206.7093
01/03/1995,3210.8337
08/03/1995,3206.8406
15/03/1995,3218.0246
22/03/1995,3216.4352
29/03/1995,3216.1956
05/04/1995,3257.035
12/04/1995,3263.4244
19/04/1995,3274.5605
26/04/1995,3277.1682
03/05/1995,3278.8535
10/05/1995,3284.463
17/05/1995,3281.5082
24/05/1995,3293.3009
31/05/1995,3300.0531
07/06/1995,3299.6302
14/06/1995,3301.236
21/06/1995,3311.0569
28/06/1995,3309.2448
05/07/1995,3322.9428
12/07/1995,3330.132
19/07/1995,3333.0072
26/07/1995,3338.9682
02/08/1995,3340.4072
09/08/1995,3348.4609
16/08/1995,3354.395
23/08/1995,3361.3808
30/08/1995,3356.6404
06/09/1995,3361.2851
13/09/1995,3367.5422
20/09/1995,3380.4821
27/09/1995,3381.3499
04/10/1995,3370.2752
11/10/1995,3371.0114
18/10/1995,3369.6694
25/10/1995,3381.0804
01/11/1995,3384.4415
08/11/1995,3380.9858
15/11/1995,3386.679
22/11/1995,3393.0695
29/11/1995,3385.1589
06/12/1995,3389.6713
13/12/1995,3394.8609
20/12/1995,3406.0195
27/12/1995,3404.7584
03/01/1996,3411.4697
10/01/1996,3418.1186
17/01/1996,3416.422
24/01/1996,3418.3057
31/01/1996,3423.4274
07/02/1996,3422.224
14/02/1996,3430.5247
21/02/1996,3439.1656
28/02/1996,3440.4657
06/03/1996,3424.1226
13/03/1996,3437.5189
20/03/1996,3446.8535
27/03/1996,3453.1455
03/04/1996,3442.2221
10/04/1996,3456.8903
17/04/1996,3461.013
24/04/1996,3466.7174
01/05/1996,3467.9963
08/05/1996,3465.8327
15/05/1996,3469.5801
22/05/1996,3473.618
29/05/1996,3464.7588
05/06/1996,3468.3685
12/06/1996,3480.9087
19/06/1996,3483.4113
26/06/1996,3490.7987
03/07/1996,3490.3293
10/07/1996,3496.9741
17/07/1996,3484.9513
24/07/1996,3491.2124
31/07/1996,3479.3447
07/08/1996,3494.8771
14/08/1996,3496.7269
21/08/1996,3499.7384
28/08/1996,3497.5182
04/09/1996,3504.0922
11/09/1996,3514.718
18/09/1996,3507.2852
25/09/1996,3529.9072
02/10/1996,3548.1862
09/10/1996,3549.1111
16/10/1996,3552.3581
23/10/1996,3548.4614
30/10/1996,3546.9803
06/11/1996,3554.6385
13/11/1996,3561.6087
20/11/1996,3565.237
27/11/1996,3581.9964
04/12/1996,3576.4804
11/12/1996,3586.6378
18/12/1996,3584.0556
25/12/1996,3591.421
01/01/1997,3596.4534
08/01/1997,3609.635
15/01/1997,3604.3454
22/01/1997,3618.0746
29/01/1997,3617.5579
05/02/1997,3620.7202
12/02/1997,3624.7217
19/02/1997,3630.3333
26/02/1997,3628.8219
05/03/1997,3638.3252
12/03/1997,3653.0694
19/03/1997,3656.1354
26/03/1997,3672.3656
02/04/1997,3670.6562
09/04/1997,3679.3746
16/04/1997,3695.5734
23/04/1997,3704.2282
30/04/1997,3724.0173
07/05/1997,3712.8641
14/05/1997,3718.6429
21/05/1997,3724.6052
28/05/1997,3728.9293
04/06/1997,3735.4717
11/06/1997,3742.8405
18/06/1997,3744.0878
25/06/1997,3752.5523
02/07/1997,3767.7186
09/07/1997,3765.3826
16/07/1997,3772.6111
23/07/1997,3775.1678
30/07/1997,3782.5895
06/08/1997,3778.423
13/08/1997,3771.8876
20/08/1997,3789.2323
27/08/1997,3793.8207
03/09/1997,3806.6925
10/09/1997,3808.6391
17/09/1997,3813.2731
24/09/1997,3815.4903
01/10/1997,3822.8384
08/10/1997,3827.1372
15/10/1997,3822.1268
22/10/1997,3829.8629
29/10/1997,3833.6143
05/11/1997,3850.9501
12/11/1997,3861.4761
19/11/1997,3855.352
26/11/1997,3878.0461
03/12/1997,3874.1027
10/12/1997,3865.6991
17/12/1997,3878.4594
24/12/1997,3897.8537
31/12/1997,3906.0094
07/01/1998,3915.0222
14/01/1998,3916.653
21/01/1998,3934.0777
28/01/1998,3929.7534
04/02/1998,3940.4025
11/02/1998,3943.7345
18/02/1998,3953.6805
25/02/1998,3962.8009
04/03/1998,3988.9964
11/03/1998,3990.8953
18/03/1998,3989.9006
25/03/1998,3995.8999
01/04/1998,4015.4714
08/04/1998,4009.6869
15/04/1998,4006.7636
22/04/1998,3994.1506
29/04/1998,4011.3215
06/05/1998,4028.6753
13/05/1998,4017.4453
20/05/1998,4019.7774
27/05/1998,4028.9088
03/06/1998,4036.2673
10/06/1998,4032.7269
17/06/1998,4034.7142
24/06/1998,4043.0846
01/07/1998,4056.6895
08/07/1998,4042.5105
15/07/1998,4050.0165
22/07/1998,4050.594
29/07/1998,4066.5207
05/08/1998,4074.4783
12/08/1998,4084.8401
19/08/1998,4091.1885
26/08/1998,4109.4807
02/09/1998,4125.38
09/09/1998,4111.2742
16/09/1998,4118.2459
23/09/1998,4132.7539
30/09/1998,4132.0035
07/10/1998,4133.2535
14/10/1998,4155.1686
21/10/1998,4182.6372
28/10/1998,4204.4672
04/11/1998,4217.4271
11/11/1998,4223.2295
18/11/1998,4228.0351
25/11/1998,4235.5907
02/12/1998,4232.8751
09/12/1998,4243.9967
16/12/1998,4234.1271
23/12/1998,4232.9028
30/12/1998,4245.3278
06/01/1999,4248.7246
13/01/1999,4256.6728
20/01/1999,4251.9066
27/01/1999,4241.4679
03/02/1999,4240.455
10/02/1999,4244.221
17/02/1999,4235.0022
24/02/1999,4234.2249
03/03/1999,4246.813
10/03/1999,4251.5286
17/03/1999,4259.0661
24/03/1999,4270.3468
31/03/1999,4274.672
07/04/1999,4268.5688
14/04/1999,4282.1628
21/04/1999,4284.5791
28/04/1999,4272.8736
05/05/1999,4275.8778
12/05/1999,4286.7658
19/05/1999,4281.9808
26/05/1999,4287.7538
02/06/1999,4291.7499
09/06/1999,4297.4212
16/06/1999,4317.7632
23/06/1999,4330.274
30/06/1999,4328.5092
07/07/1999,4320.6314
14/07/1999,4334.5634
21/07/1999,4339.0496
28/07/1999,4326.2493
04/08/1999,4326.5473
11/08/1999,4340.8895
18/08/1999,4354.0033
25/08/1999,4359.8228
01/09/1999,4370.5379
08/09/1999,4359.411
15/09/1999,4375.7149
22/09/1999,4400.1857
29/09/1999,4397.4939
06/10/1999,4400.0166
13/10/1999,4406.0193
20/10/1999,4416.8751
27/10/1999,4424.4443
03/11/1999,4422.323
10/11/1999,4430.3658
17/11/1999,4451.2642
24/11/1999,4462.5274
01/12/1999,4471.495
08/12/1999,4476.887
15/12/1999,4496.9348
22/12/1999,4522.2603
29/12/1999,4524.5408
05/01/2000,4515.0607
12/01/2000,4531.266
19/01/2000,4544.7795
26/01/2000,4554.4469
02/02/2000,4552.5978
09/02/2000,4547.7217
16/02/2000,4555.7949
23/02/2000,4568.0233
01/03/2000,4586.171
08/03/2000,4590.5852
15/03/2000,4619.0447
22/03/2000,4627.1005
29/03/2000,4621.0348
05/04/2000,4635.2749
12/04/2000,4646.3412
19/04/2000,4657.9083
26/04/2000,4672.2433
03/05/2000,4680.9532
10/05/2000,4696.2527
17/05/2000,4698.0366
24/05/2000,4721.8347
31/05/2000,4720.5018
07/06/2000,4726.4929
14/06/2000,4734.8872
21/06/2000,4762.5093
28/06/2000,4753.5589
05/07/2000,4762.6234
12/07/2000,4766.7504
19/07/2000,4779.775
26/07/2000,4787.5743
02/08/2000,4791.2705
09/08/2000,4791.7847
16/08/2000,4804.9072
23/08/2000,4810.4278
30/08/2000,4804.227
06/09/2000,4817.7652
13/09/2000,4807.0617
20/09/2000,4844.7578
27/09/2000,4837.5427
04/10/2000,4816.9703
11/10/2000,4817.2182
18/10/2000,4810.9224
25/10/2000,4813.8547
01/11/2000,4821.8258
08/11/2000,4810.4425
15/11/2000,4831.6483
22/11/2000,4839.5146
29/11/2000,4837.3691
06/12/2000,4840.4968
13/12/2000,4850.7768
20/12/2000,4869.9319
27/12/2000,4885.0447
03/01/2001,4890.6969
10/01/2001,4890.0796
17/01/2001,4896.6242
24/01/2001,4905.3318
31/01/2001,4919.8776
07/02/2001,4897.9534
14/02/2001,4902.3912
21/02/2001,4903.0416
28/02/2001,4916.4202
07/03/2001,4912.3323
14/03/2001,4902.4368
21/03/2001,4915.4902
28/03/2001,4922.1519
04/04/2001,4915.2005
11/04/2001,4930.5266
18/04/2001,4926.8616
25/04/2001,4941.556
02/05/2001,4946.5704
09/05/2001,4944.4722
16/05/2001,4953.4018
23/05/2001,4955.6507
30/05/2001,4962.7881
06/06/2001,4963.2762
13/06/2001,4950.9761
20/06/2001,4949.158
27/06/2001,4953.3802
04/07/2001,4936.094
11/07/2001,4945.1821
18/07/2001,4949.7603
25/07/2001,4951.7039
01/08/2001,4963.2497
08/08/2001,4945.5868
15/08/2001,4944.585
22/08/2001,4946.4613
29/08/2001,4951.7262
05/09/2001,4961.9481
12/09/2001,5100.9367
19/09/2001,5030.8416
26/09/2001,5008.115
03/10/2001,5004.8992
10/10/2001,4993.2115
17/10/2001,4998.3579
24/10/2001,4989.2886
31/10/2001,5017.468
07/11/2001,5019.0319
14/11/2001,5020.6887
21/11/2001,5032.8905
28/11/2001,5031.5042
05/12/2001,5069.1316
12/12/2001,5070.2835
19/12/2001,5059.8387
26/12/2001,5064.3543
02/01/2002,5066.2573
09/01/2002,5057.2554
16/01/2002,5042.193
23/01/2002,5041.4932
30/01/2002,5035.4209
06/02/2002,5058.199
13/02/2002,5053.9059
20/02/2002,5058.0967
27/02/2002,5056.0792
06/03/2002,5051.1716
13/03/2002,5051.2549
20/03/2002,5086.51
27/03/2002,5082.2458
03/04/2002,5074.7023
10/04/2002,5081.4137
17/04/2002,5082.9828
24/04/2002,5078.3469
01/05/2002,5066.4049
08/05/2002,5067.6376
15/05/2002,5085.5061
22/05/2002,5092.4245
29/05/2002,5090.0859
05/06/2002,5105.964
12/06/2002,5109.9757
19/06/2002,5120.8689
26/06/2002,5123.6087
03/07/2002,5113.397
10/07/2002,5126.4503
17/07/2002,5125.7204
24/07/2002,5153.5685
31/07/2002,5157.0808
07/08/2002,5167.3267
14/08/2002,5186.6983
21/08/2002,5197.9069
28/08/2002,5221.6735
04/09/2002,5247.1537
11/09/2002,5229.2771
18/09/2002,5246.4185
25/09/2002,5262.0487
02/10/2002,5305.3685
09/10/2002,5317.5191
16/10/2002,5320.0461
23/10/2002,5346.5585
30/10/2002,5352.0359
06/11/2002,5371.694
13/11/2002,5393.6163
20/11/2002,5386.486
27/11/2002,5410.9928
04/12/2002,5423.3106
11/12/2002,5466.4105
18/12/2002,5450.1868
25/12/2002,5464.9185
01/01/2003,5466.7652
08/01/2003,5481.484
15/01/2003,5473.0015
22/01/2003,5469.0379
29/01/2003,5456.9715
05/02/2003,5495.3478
12/02/2003,5506.7351
19/02/2003,5512.3216
26/02/2003,5517.3307
05/03/2003,5537.4404
12/03/2003,5551.1617
19/03/2003,5530.8201
26/03/2003,5523.869
02/04/2003,5557.7752
09/04/2003,5561.7535
16/04/2003,5564.1694
23/04/2003,5600.4391
30/04/2003,5624.9994
07/05/2003,5633.4402
14/05/2003,5646.2008
21/05/2003,5643.3882
28/05/2003,5659.5128
04/06/2003,5673.2654
11/06/2003,5684.9981
18/06/2003,5688.7844
25/06/2003,5679.6724
02/07/2003,5751.5173
09/07/2003,5746.7334
16/07/2003,5703.4574
23/07/2003,5729.6989
30/07/2003,5736.6348
06/08/2003,5754.4504
13/08/2003,5729.3615
20/08/2003,5734.4663
27/08/2003,5720.6633
03/09/2003,5749.1273
10/09/2003,5750.7824
17/09/2003,5735.0306
24/09/2003,5708.6036
01/10/2003,5717.0557
08/10/2003,5692.9593
15/10/2003,5706.4766
22/10/2003,5700.9388
29/10/2003,5687.9284
05/11/2003,5719.0307
12/11/2003,5732.9942
19/11/2003,5723.966
26/11/2003,5728.7855
03/12/2003,5724.325
10/12/2003,5735.5799
17/12/2003,5822.6889
24/12/2003,5815.3361
31/12/2003,5810.9393
07/01/2004,5803.09
14/01/2004,5803.7893
21/01/2004,5828.7529
28/01/2004,5832.2358
04/02/2004,5836.0108
11/02/2004,5856.522
18/02/2004,5943.6962
25/02/2004,5932.1289
03/03/2004,5934.5358
10/03/2004,5956.9733
17/03/2004,5965.247
24/03/2004,5997.0465
31/03/2004,6017.1515
07/04/2004,6001.9423
14/04/2004,6029.6028
21/04/2004,6046.8772
28/04/2004,6050.7809
05/05/2004,6063.5531
12/05/2004,6062.1812
19/05/2004,6065.4793
26/05/2004,6074.3347
02/06/2004,6067.3503
09/06/2004,6088.0561
16/06/2004,6110.8339
23/06/2004,6114.4725
30/06/2004,6128.7263
07/07/2004,6127.4713
14/07/2004,6149.3457
21/07/2004,6143.7569
28/07/2004,6123.1234
04/08/2004,6124.9878
11/08/2004,6153.2555
18/08/2004,6170.7614
25/08/2004,6183.8131
01/09/2004,6198.1298
08/09/2004,6205.5362
15/09/2004,6234.8411
22/09/2004,6245.8449
29/09/2004,6234.5837
06/10/2004,6235.7812
13/10/2004,6257.3693
20/10/2004,6266.0284
27/10/2004,6268.6396
03/11/2004,6269.0647
10/11/2004,6278.847
17/11/2004,6292.1502
24/11/2004,6315.7473
01/12/2004,6335.9294
08/12/2004,6339.4075
15/12/2004,6357.7935
22/12/2004,6380.7436
29/12/2004,6399.5183
05/01/2005,6456.2943
12/01/2005,6475.3204
19/01/2005,6506.5008
26/01/2005,6505.6198
02/02/2005,6520.1742
09/02/2005,6526.1057
16/02/2005,6542.6916
23/02/2005,6585.793
02/03/2005,6591.3941
09/03/2005,6601.7603
16/03/2005,6635.6852
23/03/2005,6648.5592
30/03/2005,6628.6196
06/04/2005,6638.8009
13/04/2005,6642.2003
20/04/2005,6679.8738
27/04/2005,6671.5069
04/05/2005,6673.501
11/05/2005,6701.752
18/05/2005,6713.8156
25/05/2005,6744.9278
01/06/2005,6741.1887
08/06/2005,6753.9078
15/06/2005,6704.824
22/06/2005,6766.9084
29/06/2005,6774.0998
06/07/2005,6789.3429
13/07/2005,6824.0186
20/07/2005,6856.7045
27/07/2005,6861.728
03/08/2005,6878.4487
10/08/2005,6884.5388
17/08/2005,6903.9221
24/08/2005,6917.7805
31/08/2005,6910.9728
07/09/2005,6912.7858
14/09/2005,6919.8869
21/09/2005,6959.7182
28/09/2005,6961.1465
05/10/2005,6959.4265
12/10/2005,6963.474
19/10/2005,6987.3714
26/10/2005,6981.6682
02/11/2005,6959.4909
09/11/2005,6964.547
16/11/2005,6995.6323
23/11/2005,7018.7665
30/11/2005,6999.6365
07/12/2005,7045.7807
14/12/2005,7063.3685
21/12/2005,7074.76
28/12/2005,7095.3838
04/01/2006,7083.1309
11/01/2006,7089.4474
18/01/2006,7120.5623
25/01/2006,7145.7471
01/02/2006,7151.5626
08/02/2006,7142.8467
15/02/2006,7165.6523
22/02/2006,7183.5744
01/03/2006,7202.7456
08/03/2006,7181.9189
15/03/2006,7218.9442
22/03/2006,7233.0937
29/03/2006,7237.4337
05/04/2006,7255.7153
12/04/2006,7293.6437
19/04/2006,7332.8262
26/04/2006,7341.6569
03/05/2006,7357.7913
10/05/2006,7365.3238
17/05/2006,7393.7425
24/05/2006,7419.218
31/05/2006,7420.0387
07/06/2006,7413.8088
14/06/2006,7445.7283
21/06/2006,7442.7724
28/06/2006,7429.1841
05/07/2006,7438.256
12/07/2006,7450.6838
19/07/2006,7487.0395
26/07/2006,7496.8034
02/08/2006,7508.5629
09/08/2006,7498.4233
16/08/2006,7528.3584
23/08/2006,7552.7646
30/08/2006,7543.7842
06/09/2006,7546.4869
13/09/2006,7514.5989
20/09/2006,7547.9721
27/09/2006,7525.4403
04/10/2006,7671.9683
11/10/2006,7694.7083
18/10/2006,7698.1564
25/10/2006,7705.5697
01/11/2006,7736.4647
08/11/2006,7718.9045
15/11/2006,7730.7767
22/11/2006,7768.6905
29/11/2006,7779.7353
06/12/2006,7793.3883
13/12/2006,7796.8757
20/12/2006,7874.5575
27/12/2006,7877.4252
03/01/2007,7855.4417
10/01/2007,7868.9499
17/01/2007,7882.509
24/01/2007,7894.6375
31/01/2007,7909.4757
07/02/2007,7909.2427
14/02/2007,7927.6917
21/02/2007,7941.0945
28/02/2007,7960.0234
07/03/2007,7938.6799
14/03/2007,7854.0949
21/03/2007,7865.4239
28/03/2007,7895.9426
04/04/2007,7927.0909
11/04/2007,7945.6094
18/04/2007,7950.8133
25/04/2007,7964.1908
02/05/2007,7968.5264
09/05/2007,7971.5201
16/05/2007,7981.2438
23/05/2007,8005.3612
30/05/2007,8022.286
06/06/2007,8012.6989
13/06/2007,8035.9847
20/06/2007,8082.7446
27/06/2007,8083.2112
04/07/2007,8111.378
11/07/2007,8112.4513
18/07/2007,8123.4351
25/07/2007,8149.5539
01/08/2007,8155.7606
08/08/2007,8175.0275
15/08/2007,8205.2658
22/08/2007,8266.8675
29/08/2007,8293.6752
05/09/2007,8317.9716
12/09/2007,8352.3503
19/09/2007,8352.158
26/09/2007,8375.1594
03/10/2007,8361.1821
10/10/2007,8392.3001
17/10/2007,8447.0162
24/10/2007,8475.4747
31/10/2007,8472.1038
07/11/2007,8490.4392
14/11/2007,8501.64
21/11/2007,8530.4414
28/11/2007,8539.5686
05/12/2007,8542.4244
12/12/2007,8553.3747
19/12/2007,8580.9012
26/12/2007,8587.6143
02/01/2008,8600.2699
09/01/2008,8597.1345
16/01/2008,8568.7184
23/01/2008,8606.3262
30/01/2008,8600.8985
06/02/2008,8609.7699
13/02/2008,8627.7467
20/02/2008,8657.8839
27/02/2008,8665.755
05/03/2008,8658.4066
12/03/2008,8672.1123
19/03/2008,8713.9719
26/03/2008,8711.1506
02/04/2008,8676.1662
09/04/2008,8683.4213
16/04/2008,8689.5207
23/04/2008,8714.6239
30/04/2008,8720.8599
07/05/2008,8705.4478
14/05/2008,8704.4456
21/05/2008,8705.2688
28/05/2008,8689.1524
04/06/2008,8688.356
11/06/2008,8700.1289
18/06/2008,8697.3868
25/06/2008,8691.3095
02/07/2008,8693.345
09/07/2008,8693.0193
16/07/2008,8706.1012
23/07/2008,8690.7593
30/07/2008,8694.8416
06/08/2008,8678.3872
13/08/2008,8685.3575
20/08/2008,8691.8086
27/08/2008,8699.0076
03/09/2008,8677.2276
10/09/2008,8677.0607
17/09/2008,8753.2015
24/09/2008,8831.4737
01/10/2008,9131.1877
08/10/2008,9124.2557
15/10/2008,9179.1596
22/10/2008,9245.9188
29/10/2008,9239.2959
05/11/2008,9167.1845
12/11/2008,9152.6704
19/11/2008,9054.4175
26/11/2008,9076.1222
03/12/2008,9063.6522
10/12/2008,9046.9939
17/12/2008,9034.1884
24/12/2008,9033.0925
31/12/2008,8996.8214
07/01/2009,8983.9075
14/01/2009,9031.8939
21/01/2009,9060.5053
28/01/2009,9059.4613
04/02/2009,9075.0677
11/02/2009,9059.067
18/02/2009,9077.8676
25/02/2009,9053.7951
04/03/2009,9058.0593
11/03/2009,9080.6223
18/03/2009,9022.133
25/03/2009,9011.7083
01/04/2009,9004.4289
08/04/2009,8987.3704
15/04/2009,8979.1255
22/04/2009,8953.4675
29/04/2009,9055.8708
06/05/2009,9065.9098
13/05/2009,9026.2202
20/05/2009,9033.8692
27/05/2009,9042.9507
03/06/2009,9053.5423
10/06/2009,9031.8271
17/06/2009,9035.3229
24/06/2009,9022.1467
01/07/2009,9006.9524
08/07/2009,8994.9681
15/07/2009,8975.2594
22/07/2009,8950.0125
29/07/2009,8949.2028
05/08/2009,8950.9575
12/08/2009,8956.7635
19/08/2009,8913.7053
26/08/2009,8899.6051
02/09/2009,8881.8729
09/09/2009,8878.0394
16/09/2009,8860.3572
23/09/2009,8836.2264
30/09/2009,8781.6104
07/10/2009,8763.1354
14/10/2009,8756.2014
21/10/2009,8761.9069
28/10/2009,8737.5558
04/11/2009,8833.9846
11/11/2009,8838.765
18/11/2009,8824.9783
25/11/2009,8798.6014
02/12/2009,8803.4986
09/12/2009,8811.4599
16/12/2009,8798.2353
23/12/2009,8752.2066
30/12/2009,8766.9545
06/01/2010,8742.1611
13/01/2010,8717.3841
20/01/2010,8719.6725
27/01/2010,8693.1593
03/02/2010,8679.3583
10/02/2010,8683.1416
17/02/2010,8650.4795
24/02/2010,8624.4737
03/03/2010,8608.3372
10/03/2010,8608.8123
17/03/2010,8608.9221
24/03/2010,8603.7088
31/03/2010,9025.1732
07/04/2010,9014.3828
14/04/2010,9034.6431
21/04/2010,9028.3138
28/04/2010,9012.4728
05/05/2010,8983.6299
12/05/2010,8999.5423
19/05/2010,8979.9464
26/05/2010,8945.6559
02/06/2010,8927.566
09/06/2010,8939.9352
16/06/2010,8927.3886
23/06/2010,8928.5395
30/06/2010,8934.2814
07/07/2010,8933.8186
14/07/2010,8960.3393
21/07/2010,8987.0478
28/07/2010,8968.318
04/08/2010,8985.8632
11/08/2010,9005.1208
18/08/2010,8984.8268
25/08/2010,8983.8707
01/09/2010,9003.3646
08/09/2010,9005.2195
15/09/2010,8987.3506
22/09/2010,8981.4154
29/09/2010,8974.8111
06/10/2010,9004.7545
13/10/2010,8996.0596
20/10/2010,8999.0238
27/10/2010,9001.4052
03/11/2010,9020.3189
10/11/2010,9007.2985
17/11/2010,9019.4128
24/11/2010,9017.3513
01/12/2010,9021.6468
08/12/2010,9021.9339
15/12/2010,8981.7579
22/12/2010,8971.8066
29/12/2010,8960.9985
05/01/2011,8942.3977
12/01/2011,8977.9659
19/01/2011,8959.2317
26/01/2011,8939.6827
02/02/2011,8923.1135
09/02/2011,8924.1745
16/02/2011,8910.8499
23/02/2011,8910.6421
02/03/2011,8905.6619
09/03/2011,8915.2577
16/03/2011,8910.5629
23/03/2011,8911.0048
30/03/2011,8914.2012
06/04/2011,8923.4367
13/04/2011,8924.6198
20/04/2011,8940.1804
27/04/2011,8931.9492
04/05/2011,8931.6592
11/05/2011,8939.1164
18/05/2011,8907.4181
25/05/2011,8921.9111
01/06/2011,8942.5166
08/06/2011,8932.6807
15/06/2011,8937.5732
22/06/2011,8924.4075
29/06/2011,8916.0775
06/07/2011,8927.1657
13/07/2011,8950.6192
20/07/2011,8948.0033
27/07/2011,8959.4494
03/08/2011,8955.6594
10/08/2011,8980.0361
17/08/2011,8994.2191
24/08/2011,8996.9125
31/08/2011,9000.7805
07/09/2011,9012.4514
14/09/2011,9006.3853
21/09/2011,9005.919
28/09/2011,9007.9507
05/10/2011,9019.8739
12/10/2011,9033.4138
19/10/2011,9040.888
26/10/2011,9059.6265
02/11/2011,9081.0522
09/11/2011,9078.377
16/11/2011,9094.2005
23/11/2011,9095.1401
30/11/2011,9099.6348
07/12/2011,9094.7907
14/12/2011,9103.5752
21/12/2011,9095.8709
28/12/2011,9116.4207
04/01/2012,9158.3297
11/01/2012,9179.6409
18/01/2012,9152.6767
25/01/2012,9159.3627
01/02/2012,9250.1441
08/02/2012,9251.3852
15/02/2012,9266.3876
22/02/2012,9268.2866
29/02/2012,9304.4699
07/03/2012,9292.5324
14/03/2012,9297.4881
21/03/2012,9288.8491
28/03/2012,9305.3016
04/04/2012,9330.5594
11/04/2012,9344.9756
18/04/2012,9336.0786
25/04/2012,9327.3893
02/05/2012,9346.5154
09/05/2012,9361.672
16/05/2012,9364.0227
23/05/2012,9370.6021
30/05/2012,9376.2948
06/06/2012,9393.935
13/06/2012,9375.6014
20/06/2012,9372.7634
27/06/2012,9396.1444
04/07/2012,9409.6308
11/07/2012,9434.0173
18/07/2012,9423.2991
25/07/2012,9434.0931
01/08/2012,9456.2763
08/08/2012,9468.6218
15/08/2012,9464.2786
22/08/2012,9462.9265
29/08/2012,9475.8633
05/09/2012,9491.2395
12/09/2012,9506.4306
19/09/2012,9501.2476
26/09/2012,9498.7266
03/10/2012,9508.1435
10/10/2012,9522.7321
17/10/2012,9508.2067
24/10/2012,9507.6953
31/10/2012,9536.0319
07/11/2012,9578.8232
14/11/2012,9579.9033
21/11/2012,9573.3364
28/11/2012,9570.4996
05/12/2012,9584.8462
12/12/2012,9595.8258
19/12/2012,9636.7789
26/12/2012,9647.5936
02/01/2013,9666.7806
09/01/2013,9651.6006
16/01/2013,9641.0173
23/01/2013,9648.1142
30/01/2013,9671.6466
06/02/2013,9675.5547
13/02/2013,9674.4996
20/02/2013,9654.8803
27/02/2013,9662.1442
06/03/2013,9668.46
13/03/2013,9669.4957
20/03/2013,9653.579
27/03/2013,9665.1083
03/04/2013,9715.4272
10/04/2013,9730.0105
17/04/2013,9724.8242
24/04/2013,9725.7162
01/05/2013,9740.5757
08/05/2013,9720.5753
15/05/2013,9732.4989
22/05/2013,9727.8878
29/05/2013,9720.6444
05/06/2013,9739.8941
12/06/2013,9742.8891
19/06/2013,9743.3833
26/06/2013,9726.7864
03/07/2013,9722.4952
10/07/2013,9710.8024
17/07/2013,9731.8821
24/07/2013,9731.9952
31/07/2013,9735.8434
07/08/2013,9720.6778
14/08/2013,9719.9262
21/08/2013,9717.0408
28/08/2013,9713.757
04/09/2013,9714.1032
11/09/2013,9724.2168
18/09/2013,9735.7949
25/09/2013,9723.0059
02/10/2013,9748.6398
09/10/2013,9746.1945
16/10/2013,9766.4717
23/10/2013,9761.9529
30/10/2013,9768.3823
06/11/2013,9776.6847
13/11/2013,9787.9976
20/11/2013,9793.8026
27/11/2013,9815.0445
04/12/2013,9797.5534
11/12/2013,9814.8651
18/12/2013,9825.8161
25/12/2013,9844.4333
01/01/2014,9846.8
08/01/2014,9845.2296
15/01/2014,9847.1598
22/01/2014,9869.4194
29/01/2014,9875.2728
05/02/2014,9899.1412
12/02/2014,9920.9957
19/02/2014,9952.8695
26/02/2014,9962.4231
05/03/2014,9989.9587
12/03/2014,10006.5373
19/03/2014,10018.8456
26/03/2014,10028.9141
02/04/2014,10029.6229
09/04/2014,10039.5222
16/04/2014,10055.997
23/04/2014,10067.4668
30/04/2014,10080.269
07/05/2014,10085.3693
14/05/2014,10108.003
21/05/2014,10122.2216
28/05/2014,10139.8581
04/06/2014,10143.7359
11/06/2014,10167.6919
18/06/2014,10178.1081
25/06/2014,10186.4921
02/07/2014,10239.3091
09/07/2014,10238.8384
16/07/2014,10242.6972
23/07/2014,10253.6927
30/07/2014,10268.2773
06/08/2014,10281.6674
13/08/2014,10290.158
20/08/2014,10313.4413
27/08/2014,10310.5383
03/09/2014,10326.7459
10/09/2014,10339.9804
17/09/2014,10355.8458
24/09/2014,10372.4913
01/10/2014,10376.5799
08/10/2014,10375.5709
15/10/2014,10386.2372
22/10/2014,10396.8745
29/10/2014,10383.7688
05/11/2014,10398.7205
12/11/2014,10431.1765
19/11/2014,10440.8141
26/11/2014,10474.9518
03/12/2014,10481.4443
10/12/2014,10511.1406
17/12/2014,10524.5165
24/12/2014,10566.5988
31/12/2014,10582.2732
07/01/2015,10591.9291
14/01/2015,10618.2146
21/01/2015,10633.4945
28/01/2015,10631.6245
04/02/2015,10654.9137
11/02/2015,10679.6693
18/02/2015,10699.7844
25/02/2015,10745.6705
04/03/2015,10761.3038
11/03/2015,10773.7649
18/03/2015,10800.0298
25/03/2015,10808.6409
01/04/2015,10836.8313
08/04/2015,10833.7264
15/04/2015,10856.5586
22/04/2015,10865.8368
29/04/2015,10882.9474
06/05/2015,10897.1485
13/05/2015,10910.1853
20/05/2015,10937.0497
27/05/2015,10949.3394
03/06/2015,10948.6767
10/06/2015,10969.6979
17/06/2015,10987.0026
24/06/2015,10996.5518
01/07/2015,10999.6824
08/07/2015,10987.9438
15/07/2015,11007.0095
22/07/2015,11016.6775
29/07/2015,11016.2372
05/08/2015,11047.5827
12/08/2015,11059.2837
19/08/2015,11082.6817
26/08/2015,11088.3108
02/09/2015,11099.4376
09/09/2015,11107.3479
16/09/2015,11100.4838
23/09/2015,11111.9915
30/09/2015,11147.7386
07/10/2015,11149.9428
14/10/2015,11178.9807
21/10/2015,11177.3495
28/10/2015,11184.689
04/11/2015,11216.6252
11/11/2015,11241.8167
18/11/2015,11261.1714
25/11/2015,11277.9407
02/12/2015,11296.9824
09/12/2015,11328.7003
16/12/2015,11345.2841
23/12/2015,11350.7195
30/12/2015,11354.8911
06/01/2016,11376.6973
13/01/2016,11381.0312
20/01/2016,11405.3508
27/01/2016,11417.3738
03/02/2016,11455.9045
10/02/2016,11457.3519
17/02/2016,11458.5112
24/02/2016,11475.2266
02/03/2016,11531.8405
09/03/2016,11558.034
16/03/2016,11555.8297
23/03/2016,11566.3206
30/03/2016,11566.5011
06/04/2016,11593.0007
13/04/2016,11620.8179
20/04/2016,11634.9541
27/04/2016,11655.8062
04/05/2016,11687.6247
11/05/2016,11703.3724
18/05/2016,11702.0763
25/05/2016,11722.3355
01/06/2016,11745.9073
08/06/2016,11754.2904
15/06/2016,11762.5965
22/06/2016,11780.6746
29/06/2016,11818.6822
06/07/2016,11841.5944
13/07/2016,11863.5209
20/07/2016,11857.8512
27/07/2016,11872.8796
03/08/2016,11870.5301
10/08/2016,11892.0047
17/08/2016,11886.1844
24/08/2016,11911.1044
31/08/2016,11944.1909
07/09/2016,11955.5433
14/09/2016,11981.1838
21/09/2016,11992.3793
28/09/2016,12007.1747
05/10/2016,12035.5959
12/10/2016,12044.489
19/10/2016,12064.6863
26/10/2016,12072.3706
02/11/2016,12084.0722
09/11/2016,12082.7328
16/11/2016,12080.2971
23/11/2016,12067.8506
30/11/2016,12083.1764
07/12/2016,12075.3839
14/12/2016,12079.0471
21/12/2016,12072.6456
28/12/2016,12065.4744
04/01/2017,12093.2975
11/01/2017,12100.29
18/01/2017,12108.9175
25/01/2017,12112.3729
01/02/2017,12125.451
08/02/2017,12128.717
15/02/2017,12146.1683
22/02/2017,12161.7432
01/03/2017,12171.1202
08/03/2017,12164.3716
15/03/2017,12179.7184
22/03/2017,12167.5304
29/03/2017,12149.293
05/04/2017,12187.0717
12/04/2017,12193.3305
19/04/2017,12198.6299
26/04/2017,12195.4353
03/05/2017,12212.0662
10/05/2017,12222.9809
17/05/2017,12240.5543
24/05/2017,12258.6632
31/05/2017,12258.3917
07/06/2017,12240.2351
14/06/2017,12246.9899
21/06/2017,12254.1966
28/06/2017,12249.9239
05/07/2017,12266.2483
12/07/2017,12284.2883
19/07/2017,12298.6204
26/07/2017,12303.9327
02/08/2017,12314.0267
09/08/2017,12314.1208
16/08/2017,12315.5285
23/08/2017,12336.3411
30/08/2017,12334.3872
06/09/2017,12348.61
13/09/2017,12343.3652
20/09/2017,12399.4618
27/09/2017,12399.5921
04/10/2017,12414.6288
11/10/2017,12435.8633
18/10/2017,12447.4517
25/10/2017,12445.8912
01/11/2017,12454.4698
08/11/2017,12462.5123
15/11/2017,12464.3842
22/11/2017,12474.1732
29/11/2017,12513.0106
06/12/2017,12526.3873
13/12/2017,12519.7721
20/12/2017,12528.786
27/12/2017,12554.3779
03/01/2018,12550.2587
10/01/2018,12546.5146
17/01/2018,12554.634
24/01/2018,12556.7573
31/01/2018,12558.6226
07/02/2018,12539.7056
14/02/2018,12553.534
21/02/2018,12566.0909
28/02/2018,12579.4831
07/03/2018,12570.6046
14/03/2018,12583.7681
21/03/2018,12561.7789
28/03/2018,12564.0595
04/04/2018,12608.9237
11/04/2018,12629.5533
18/04/2018,12639.402
25/04/2018,12640.6634
02/05/2018,12643.9932
09/05/2018,12647.7939
16/05/2018,12646.3659
23/05/2018,12674.0387
30/05/2018,12696.0743
06/06/2018,12702.6184
13/06/2018,12718.8829
20/06/2018,12766.4668
27/06/2018,12774.5415
04/07/2018,12757.6255
11/07/2018,12789.2546
18/07/2018,12786.4578
25/07/2018,12798.6268
01/08/2018,12778.5746
08/08/2018,12782.4032
15/08/2018,12795.7532
22/08/2018,12810.1124
29/08/2018,12810.6032
05/09/2018,12821.065
12/09/2018,12836.1606
19/09/2018,12846.9588
26/09/2018,12848.6123
03/10/2018,12874.4737
10/10/2018,12875.5951
17/10/2018,12877.8456
24/10/2018,12907.6194
31/10/2018,12902.7294
07/11/2018,12895.1776
14/11/2018,12933.1263
21/11/2018,12960.9299
28/11/2018,12957.4881
05/12/2018,12990.3563
12/12/2018,13028.1619
19/12/2018,13056.0285
26/12/2018,13101.27
02/01/2019,13135.2495
09/01/2019,13154.1631
16/01/2019,13168.7825
23/01/2019,13175.9818
30/01/2019,13156.455
06/02/2019,13170.5885
13/02/2019,13196.3348
20/02/2019,13225.8105
27/02/2019,13228.9995
06/03/2019,13238.5289
13/03/2019,13262.2511
20/03/2019,13273.8441
27/03/2019,13248.9453
03/04/2019,13266.9965
10/04/2019,13282.1187
17/04/2019,13321.1108
24/04/2019,13343.3967
01/05/2019,13351.3911
08/05/2019,13358.4486
15/05/2019,13384.7145
22/05/2019,13396.3675
29/05/2019,13395.0721
05/06/2019,13410.6224
12/06/2019,13431.1493
19/06/2019,13457.6773
26/06/2019,13488.0684
03/07/2019,13492.0802
10/07/2019,13491.6471
17/07/2019,13485.6503
24/07/2019,13518.5252
31/07/2019,13532.598
07/08/2019,13549.0974
14/08/2019,13572.4591
21/08/2019,13611.9532
28/08/2019,13621.6242
04/09/2019,13644.7817
11/09/2019,13671.56
18/09/2019,13713.1615
25/09/2019,13734.0047
02/10/2019,13726.2314
09/10/2019,13718.5774
16/10/2019,13735.6337
23/10/2019,13752.2443
30/10/2019,13757.5556
06/11/2019,13770.932
13/11/2019,13794.9315
20/11/2019,13800.5486
27/11/2019,13831.5652
04/12/2019,13834.6428
11/12/2019,13875.6317
18/12/2019,13831.2908
25/12/2019,13841.9726
01/01/2020,13838.0326
08/01/2020,13847.6676
15/01/2020,13867.7737
22/01/2020,13883.3526
29/01/2020,13883.8858
05/02/2020,13893.4743
12/02/2020,13870.6371
19/02/2020,13936.3454
26/02/2020,13966.2483
04/03/2020,14059.942
11/03/2020,14136.1147
18/03/2020,14368.4458
25/03/2020,14622.3506
01/04/2020,14703.8978
08/04/2020,14701.7424
15/04/2020,14720.8715
22/04/2020,14803.4375
29/04/2020,14852.583
06/05/2020,14876.3287
13/05/2020,14860.6226
20/05/2020,14839.4353
27/05/2020,14826.7346
03/06/2020,14831.8724
10/06/2020,14842.6321
17/06/2020,14851.8181
24/06/2020,14840.3934
01/07/2020,14856.4657
08/07/2020,14869.867
15/07/2020,14907.9913
22/07/2020,14914.596
29/07/2020,14897.7924
05/08/2020,14918.1447
12/08/2020,14900.0673
19/08/2020,14900.0906
26/08/2020,14920.2229
02/09/2020,14950.408
09/09/2020,14960.7698
16/09/2020,14947.3364
23/09/2020,14953.8271
30/09/2020,14944.5599
07/10/2020,14939.7497
14/10/2020,14936.652
21/10/2020,14947.7338
28/10/2020,14953.9365
04/11/2020,14988.1745
11/11/2020,15003.18
18/11/2020,15006.3399
25/11/2020,15007.3724
02/12/2020,15019.056
09/12/2020,15007.2748
16/12/2020,15027.1295
23/12/2020,15035.1499
30/12/2020,15056.9571
06/01/2021,15090.5192
13/01/2021,15090.7665
20/01/2021,15108.0923
27/01/2021,15149.187
03/02/2021,15177.2283
10/02/2021,15193.7855
17/02/2021,15218.5754
24/02/2021,15261.5541
03/03/2021,15308.0566
10/03/2021,15345.8572
17/03/2021,15349.8234
24/03/2021,15347.2048
31/03/2021,15356.4272
07/04/2021,15372.1663
14/04/2021,15411.566
21/04/2021,15418.9439
28/04/2021,15452.5734
05/05/2021,15497.6707
12/05/2021,15527.6482
19/05/2021,15559.7456
26/05/2021,15574.1845
02/06/2021,15590.1698
09/06/2021,15605.5785
16/06/2021,15586.7476
23/06/2021,15585.7114
30/06/2021,15621.964
07/07/2021,15630.7287
14/07/2021,15646.5008
21/07/2021,15651.7682
28/07/2021,15686.6827
04/08/2021,15704.3341
11/08/2021,15712.5878
18/08/2021,15750.208
25/08/2021,15775.1037
01/09/2021,15828.5384
08/09/2021,15827.3025
15/09/2021,15859.039
22/09/2021,15870.7335
29/09/2021,15935.4096
06/10/2021,15964.4199
13/10/2021,16016.4277
20/10/2021,16063.0421
27/10/2021,16085.6907
03/11/2021,16151.6248
10/11/2021,16157.8663
17/11/2021,16191.0749
24/11/2021,16236.0377
01/12/2021,16276.9667
08/12/2021,16291.1916
15/12/2021,16371.3399
22/12/2021,16439.6198
29/12/2021,16479.8833
05/01/2022,16552.8794
12/01/2022,16571.4666
19/01/2022,16579.8976
26/01/2022,16588.9975
02/02/2022,16602.3464
09/02/2022,16628.2041
16/02/2022,16646.7491
23/02/2022,16713.2295
02/03/2022,16752.2615
09/03/2022,16794.8643
16/03/2022,16808.5302
23/03/2022,16812.4282
30/03/2022,16835.019
06/04/2022,16861.2351
13/04/2022,16916.1569
20/04/2022,16931.8104
27/04/2022,16953.9073
04/05/2022,16945.5316
11/05/2022,16994.7739
18/05/2022,17020.8122
25/05/2022,17067.8893
01/06/2022,17086.0404
08/06/2022,17114.1123
15/06/2022,17132.218
22/06/2022,17180.9431
29/06/2022,17195.6721
06/07/2022,17216.3215
13/07/2022,17236.246
20/07/2022,17260.3909
27/07/2022,17293.7807
03/08/2022,17289.5775
10/08/2022,17323.2706
17/08/2022,17331.8866
24/08/2022,17337.331
31/08/2022,17318.3193
07/09/2022,17315.1043
14/09/2022,17337.3228
21/09/2022,17355.7434
28/09/2022,17343.5013
05/10/2022,17339.0654
12/10/2022,17348.8816
19/10/2022,17341.2091
26/10/2022,17363.6336
02/11/2022,17352.4513
09/11/2022,17366.7913
16/11/2022,17388.6835
23/11/2022,17408.0644
30/11/2022,17418.3566
07/12/2022,17520.5735
14/12/2022,17525.9298
21/12/2022,17509.7978
28/12/2022,17501.4662
04/01/2023,17516.9036
11/01/2023,17537.6655
18/01/2023,17565.8249
25/01/2023,17588.3055
01/02/2023,17589.5449
08/02/2023,17583.0983
15/02/2023,17595.603
22/02/2023,17593.6778
01/03/2023,17564.3604
08/03/2023,17551.0523
15/03/2023,17604.2307
22/03/2023,17469.5418
29/03/2023,17293.1324
05/04/2023,17334.3671
12/04/2023,17311.8206
19/04/2023,17334.9846
