DATE,consumer_loans
28/06/2000,211.4984
05/07/2000,212.0107
12/07/2000,210.8742
19/07/2000,212.5366
26/07/2000,211.7856
02/08/2000,212.4495
09/08/2000,214.5759
16/08/2000,218.6144
23/08/2000,220.4691
30/08/2000,218.8658
06/09/2000,219.8818
13/09/2000,219.3802
20/09/2000,225.9879
27/09/2000,224.8151
04/10/2000,220.3899
11/10/2000,219.1603
18/10/2000,222.0012
25/10/2000,221.2804
01/11/2000,219.9623
08/11/2000,217.4743
15/11/2000,222.6617
22/11/2000,224.2269
29/11/2000,225.5697
06/12/2000,223.1558
13/12/2000,223.6603
20/12/2000,229.1973
27/12/2000,233.0731
03/01/2001,232.9707
10/01/2001,228.9171
17/01/2001,231.8895
24/01/2001,232.1858
31/01/2001,229.9494
07/02/2001,227.7247
14/02/2001,230.4895
21/02/2001,231.9318
28/02/2001,228.2247
07/03/2001,226.9763
14/03/2001,227.1582
21/03/2001,228.2073
28/03/2001,230.1571
04/04/2001,228.7818
11/04/2001,229.9442
18/04/2001,232.9681
25/04/2001,233.9747
02/05/2001,234.7593
09/05/2001,232.9688
16/05/2001,236.7203
23/05/2001,237.5545
30/05/2001,235.6916
06/06/2001,233.9898
13/06/2001,232.1956
20/06/2001,233.0688
27/06/2001,234.8839
04/07/2001,230.662
11/07/2001,230.1049
18/07/2001,232.1408
25/07/2001,234.0398
01/08/2001,231.7478
08/08/2001,231.1125
15/08/2001,233.7186
22/08/2001,236.2403
29/08/2001,234.1255
05/09/2001,233.5685
12/09/2001,232.0061
19/09/2001,235.912
26/09/2001,231.6399
03/10/2001,230.2335
10/10/2001,228.5542
17/10/2001,235.265
24/10/2001,235.9796
31/10/2001,235.5588
07/11/2001,236.1648
14/11/2001,236.3912
21/11/2001,241.1495
28/11/2001,243.0663
05/12/2001,239.285
12/12/2001,240.1544
19/12/2001,241.41
26/12/2001,245.5466
02/01/2002,242.227
09/01/2002,241.0718
16/01/2002,241.5572
23/01/2002,241.9617
30/01/2002,240.2171
06/02/2002,243.0568
13/02/2002,237.3489
20/02/2002,241.1857
27/02/2002,241.4786
06/03/2002,240.0633
13/03/2002,236.7394
20/03/2002,241.6321
27/03/2002,242.9579
03/04/2002,240.781
10/04/2002,241.5307
17/04/2002,248.7878
24/04/2002,249.5651
01/05/2002,245.6669
08/05/2002,245.2449
15/05/2002,246.2864
22/05/2002,243.3034
29/05/2002,246.037
05/06/2002,240.5795
12/06/2002,241.2747
19/06/2002,248.0341
26/06/2002,245.8855
03/07/2002,237.1364
10/07/2002,236.2777
17/07/2002,240.1605
24/07/2002,242.0059
31/07/2002,242.7704
07/08/2002,243.9738
14/08/2002,246.9701
21/08/2002,251.6259
28/08/2002,254.3968
04/09/2002,254.5682
11/09/2002,253.6802
18/09/2002,257.5604
25/09/2002,256.2303
02/10/2002,254.7257
09/10/2002,252.4626
16/10/2002,257.7711
23/10/2002,257.3218
30/10/2002,256.1896
06/11/2002,251.4465
13/11/2002,251.0751
20/11/2002,252.3426
27/11/2002,253.4292
04/12/2002,252.0311
11/12/2002,254.0004
18/12/2002,256.8889
25/12/2002,256.2122
01/01/2003,254.1186
08/01/2003,252.0347
15/01/2003,251.7431
22/01/2003,252.6573
29/01/2003,249.7486
05/02/2003,244.8187
12/02/2003,244.6304
19/02/2003,249.3678
26/02/2003,249.2907
05/03/2003,246.0011
12/03/2003,241.5903
19/03/2003,246.4682
26/03/2003,243.6968
02/04/2003,240.8543
09/04/2003,239.3809
16/04/2003,239.4778
23/04/2003,240.1761
30/04/2003,240.3384
07/05/2003,245.6499
14/05/2003,247.8173
21/05/2003,248.8825
28/05/2003,252.5367
04/06/2003,244.51
11/06/2003,244.4137
18/06/2003,247.807
25/06/2003,244.2278
02/07/2003,244.6149
09/07/2003,243.1939
16/07/2003,245.7004
23/07/2003,246.7736
30/07/2003,248.7564
06/08/2003,243.7614
13/08/2003,244.3882
20/08/2003,247.4767
27/08/2003,246.6949
03/09/2003,244.7413
10/09/2003,243.7473
17/09/2003,246.2026
24/09/2003,244.4942
01/10/2003,240.6546
08/10/2003,238.6246
15/10/2003,240.8811
22/10/2003,239.6185
29/10/2003,240.1106
05/11/2003,267.3027
12/11/2003,269.7558
19/11/2003,274.5773
26/11/2003,272.6055
03/12/2003,270.5052
10/12/2003,271.4163
17/12/2003,283.7202
24/12/2003,287.1398
31/12/2003,285.5602
07/01/2004,283.8796
14/01/2004,282.6611
21/01/2004,284.9815
28/01/2004,283.481
04/02/2004,279.6925
11/02/2004,278.5777
18/02/2004,285.6346
25/02/2004,283.8672
03/03/2004,278.0516
10/03/2004,277.3262
17/03/2004,279.6087
24/03/2004,282.7117
31/03/2004,278.9884
07/04/2004,279.6374
14/04/2004,281.123
21/04/2004,281.0937
28/04/2004,282.7293
05/05/2004,281.1923
12/05/2004,280.7163
19/05/2004,287.8018
26/05/2004,287.8777
02/06/2004,287.0785
09/06/2004,287.0663
16/06/2004,287.8907
23/06/2004,289.7743
30/06/2004,285.4123
07/07/2004,286.3757
14/07/2004,286.9859
21/07/2004,289.6067
28/07/2004,289.3184
04/08/2004,287.483
11/08/2004,286.6199
18/08/2004,291.5591
25/08/2004,294.0931
01/09/2004,292.383
08/09/2004,291.8599
15/09/2004,295.711
22/09/2004,296.6891
29/09/2004,293.251
06/10/2004,291.5599
13/10/2004,288.5711
20/10/2004,292.7792
27/10/2004,291.8973
03/11/2004,290.9955
10/11/2004,286.7926
17/11/2004,287.3907
24/11/2004,287.3666
01/12/2004,286.7669
08/12/2004,287.4469
15/12/2004,290.9606
22/12/2004,296.9349
29/12/2004,309.0006
05/01/2005,309.0221
12/01/2005,305.4378
19/01/2005,304.1594
26/01/2005,302.7418
02/02/2005,298.0653
09/02/2005,294.2591
16/02/2005,301.2313
23/02/2005,301.2587
02/03/2005,300.9477
09/03/2005,298.2637
16/03/2005,300.1047
23/03/2005,299.8646
30/03/2005,300.3723
06/04/2005,299.7768
13/04/2005,298.4395
20/04/2005,303.2952
27/04/2005,304.1654
04/05/2005,299.6055
11/05/2005,297.2681
18/05/2005,300.8973
25/05/2005,299.8158
01/06/2005,298.428
08/06/2005,298.9753
15/06/2005,302.151
22/06/2005,304.4701
29/06/2005,301.8983
06/07/2005,300.7432
13/07/2005,300.5992
20/07/2005,304.3979
27/07/2005,304.8071
03/08/2005,301.8788
10/08/2005,301.3663
17/08/2005,302.8237
24/08/2005,303.0877
31/08/2005,300.923
07/09/2005,300.9769
14/09/2005,305.4887
21/09/2005,306.3264
28/09/2005,306.0098
05/10/2005,294.8692
12/10/2005,293.3837
19/10/2005,295.5096
26/10/2005,298.0299
02/11/2005,299.5839
09/11/2005,297.6605
16/11/2005,301.8578
23/11/2005,301.733
30/11/2005,299.1979
07/12/2005,297.9747
14/12/2005,304.353
21/12/2005,303.7649
28/12/2005,305.7271
04/01/2006,303.425
11/01/2006,300.72
18/01/2006,304.8713
25/01/2006,304.0656
01/02/2006,297.8111
08/02/2006,296.4638
15/02/2006,297.9692
22/02/2006,296.7072
01/03/2006,293.1394
08/03/2006,291.1893
15/03/2006,290.8893
22/03/2006,293.6604
29/03/2006,293.0862
05/04/2006,289.9366
12/04/2006,293.4741
19/04/2006,295.9033
26/04/2006,298.3763
03/05/2006,297.017
10/05/2006,298.0514
17/05/2006,303.7928
24/05/2006,304.6158
31/05/2006,301.9649
07/06/2006,298.5788
14/06/2006,301.8542
21/06/2006,296.5287
28/06/2006,296.7753
05/07/2006,297.7775
12/07/2006,296.0625
19/07/2006,303.0572
26/07/2006,302.4431
02/08/2006,299.9571
09/08/2006,300.6577
16/08/2006,304.1253
23/08/2006,306.6318
30/08/2006,304.4239
06/09/2006,304.6411
13/09/2006,303.517
20/09/2006,304.7688
27/09/2006,303.5428
04/10/2006,300.9848
11/10/2006,300.7532
18/10/2006,300.6264
25/10/2006,300.1184
01/11/2006,300.4561
08/11/2006,300.7829
15/11/2006,302.8814
22/11/2006,304.1527
29/11/2006,305.5923
06/12/2006,307.8128
13/12/2006,311.6661
20/12/2006,312.944
27/12/2006,315.8283
03/01/2007,315.1607
10/01/2007,314.6136
17/01/2007,316.9192
24/01/2007,317.8596
31/01/2007,312.0237
07/02/2007,311.3771
14/02/2007,314.9896
21/02/2007,311.8893
28/02/2007,302.8616
07/03/2007,303.0557
14/03/2007,301.9126
21/03/2007,303.8652
28/03/2007,302.4373
04/04/2007,304.5242
11/04/2007,305.8705
18/04/2007,308.9634
25/04/2007,310.2454
02/05/2007,308.9462
09/05/2007,308.6082
16/05/2007,310.8031
23/05/2007,310.8265
30/05/2007,313.3417
06/06/2007,312.3331
13/06/2007,314.2896
20/06/2007,317.971
27/06/2007,316.4696
04/07/2007,316.3778
11/07/2007,316.7598
18/07/2007,318.1726
25/07/2007,317.5072
01/08/2007,313.3565
08/08/2007,314.772
15/08/2007,317.2159
22/08/2007,317.7821
29/08/2007,320.224
05/09/2007,320.1753
12/09/2007,318.4808
19/09/2007,325.4999
26/09/2007,324.4542
03/10/2007,319.872
10/10/2007,321.1449
17/10/2007,320.7687
24/10/2007,322.2758
31/10/2007,320.0996
07/11/2007,323.6864
14/11/2007,329.0352
21/11/2007,331.5854
28/11/2007,334.1061
05/12/2007,333.3101
12/12/2007,337.481
19/12/2007,345.3397
26/12/2007,344.6996
02/01/2008,341.7014
09/01/2008,338.8275
16/01/2008,339.6415
23/01/2008,340.331
30/01/2008,334.5235
06/02/2008,332.2842
13/02/2008,330.0624
20/02/2008,332.9556
27/02/2008,331.3353
05/03/2008,330.4014
12/03/2008,331.4122
19/03/2008,328.9682
26/03/2008,327.2587
02/04/2008,323.0477
09/04/2008,324.5177
16/04/2008,333.1067
23/04/2008,331.205
30/04/2008,330.9577
07/05/2008,331.2236
14/05/2008,331.4943
21/05/2008,329.5165
28/05/2008,330.5144
04/06/2008,328.3578
11/06/2008,328.1506
18/06/2008,333.0046
25/06/2008,332.4868
02/07/2008,329.342
09/07/2008,329.8005
16/07/2008,336.0813
23/07/2008,336.9334
30/07/2008,338.2586
06/08/2008,337.575
13/08/2008,337.5613
20/08/2008,343.1851
27/08/2008,344.0489
03/09/2008,342.5048
10/09/2008,342.1116
17/09/2008,346.7719
24/09/2008,348.4959
01/10/2008,366.0271
08/10/2008,366.6884
15/10/2008,374.737
22/10/2008,375.261
29/10/2008,378.6359
05/11/2008,378.4914
12/11/2008,380.8256
19/11/2008,385.1032
26/11/2008,382.7514
03/12/2008,382.1874
10/12/2008,381.2498
17/12/2008,385.8131
24/12/2008,385.361
31/12/2008,383.1425
07/01/2009,385.4704
14/01/2009,395.9918
21/01/2009,399.7652
28/01/2009,393.4843
04/02/2009,393.343
11/02/2009,392.9329
18/02/2009,398.5014
25/02/2009,397.3935
04/03/2009,391.6578
11/03/2009,393.1957
18/03/2009,385.676
25/03/2009,376.6665
01/04/2009,370.1392
08/04/2009,371.2599
15/04/2009,375.7592
22/04/2009,372.7252
29/04/2009,374.0951
06/05/2009,365.6811
13/05/2009,357.8046
20/05/2009,367.1142
27/05/2009,369.468
03/06/2009,363.0715
10/06/2009,358.4262
17/06/2009,357.6396
24/06/2009,357.6885
01/07/2009,356.0962
08/07/2009,355.1081
15/07/2009,356.2211
22/07/2009,359.2484
29/07/2009,357.7418
05/08/2009,352.959
12/08/2009,354.0659
19/08/2009,357.9163
26/08/2009,357.7567
02/09/2009,350.5042
09/09/2009,354.5428
16/09/2009,355.406
23/09/2009,351.1747
30/09/2009,343.652
07/10/2009,344.7942
14/10/2009,344.577
21/10/2009,348.3198
28/10/2009,347.5533
04/11/2009,343.3529
11/11/2009,342.3821
18/11/2009,346.0663
25/11/2009,345.9679
02/12/2009,340.2459
09/12/2009,338.7413
16/12/2009,337.8796
23/12/2009,333.0749
30/12/2009,332.2796
06/01/2010,326.2137
13/01/2010,324.5044
20/01/2010,323.8428
27/01/2010,322.9595
03/02/2010,318.6666
10/02/2010,318.1185
17/02/2010,319.3729
24/02/2010,318.1209
03/03/2010,313.2159
10/03/2010,312.1973
17/03/2010,315.3055
24/03/2010,321.1847
31/03/2010,650.6726
07/04/2010,650.6913
14/04/2010,649.4339
21/04/2010,647.7623
28/04/2010,646.7672
05/05/2010,643.9278
12/05/2010,642.5637
19/05/2010,641.8457
26/05/2010,639.1814
02/06/2010,634.9656
09/06/2010,635.4455
16/06/2010,632.5833
23/06/2010,632.1292
30/06/2010,627.9397
07/07/2010,628.217
14/07/2010,628.1378
21/07/2010,627.1727
28/07/2010,625.7478
04/08/2010,624.3333
11/08/2010,623.1772
18/08/2010,621.9283
25/08/2010,620.788
01/09/2010,618.704
08/09/2010,617.8311
15/09/2010,617.5152
22/09/2010,614.9891
29/09/2010,616.3695
06/10/2010,613.2294
13/10/2010,613.1988
20/10/2010,612.8481
27/10/2010,610.7233
03/11/2010,609.4648
10/11/2010,609.1466
17/11/2010,608.487
24/11/2010,607.672
01/12/2010,606.0811
08/12/2010,607.8991
15/12/2010,607.4123
22/12/2010,606.7497
29/12/2010,606.1666
05/01/2011,605.4252
12/01/2011,603.556
19/01/2011,604.7938
26/01/2011,603.1027
02/02/2011,602.3754
09/02/2011,601.1003
16/02/2011,599.9264
23/02/2011,600.6926
02/03/2011,599.7717
09/03/2011,600.0853
16/03/2011,600.6586
23/03/2011,600.5955
30/03/2011,601.2166
06/04/2011,598.7887
13/04/2011,597.7971
20/04/2011,598.6766
27/04/2011,597.6663
04/05/2011,596.7412
11/05/2011,596.5027
18/05/2011,596.6118
25/05/2011,595.8695
01/06/2011,599.271
08/06/2011,599.5595
15/06/2011,599.464
22/06/2011,600.0211
29/06/2011,601.1275
06/07/2011,601.6584
13/07/2011,600.7026
20/07/2011,600.9836
27/07/2011,600.6823
03/08/2011,600.4478
10/08/2011,600.1536
17/08/2011,599.8955
24/08/2011,599.9147
31/08/2011,600.0633
07/09/2011,599.6277
14/09/2011,599.9873
21/09/2011,599.6869
28/09/2011,600.6774
05/10/2011,602.5694
12/10/2011,601.8011
19/10/2011,601.8565
26/10/2011,601.5967
02/11/2011,600.9426
09/11/2011,601.4694
16/11/2011,601.6316
23/11/2011,601.5207
30/11/2011,602.7406
07/12/2011,601.2017
14/12/2011,601.4208
21/12/2011,600.9571
28/12/2011,602.1291
04/01/2012,603.6114
11/01/2012,601.5374
18/01/2012,601.0591
25/01/2012,598.582
01/02/2012,599.9081
08/02/2012,598.7989
15/02/2012,597.8252
22/02/2012,597.1938
29/02/2012,600.0207
07/03/2012,599.8597
14/03/2012,600.6468
21/03/2012,600.0848
28/03/2012,601.1745
04/04/2012,601.7813
11/04/2012,599.8781
18/04/2012,599.1129
25/04/2012,598.1175
02/05/2012,609.7052
09/05/2012,608.4568
16/05/2012,608.0387
23/05/2012,607.5125
30/05/2012,611.3142
06/06/2012,609.8292
13/06/2012,609.7396
20/06/2012,608.6769
27/06/2012,607.7997
04/07/2012,608.51
11/07/2012,607.3413
18/07/2012,606.855
25/07/2012,605.9229
01/08/2012,607.462
08/08/2012,607.4376
15/08/2012,607.3074
22/08/2012,607.3996
29/08/2012,608.8207
05/09/2012,608.425
12/09/2012,606.865
19/09/2012,607.0032
26/09/2012,606.4735
03/10/2012,608.4552
10/10/2012,608.4165
17/10/2012,607.5183
24/10/2012,607.3801
31/10/2012,609.7268
07/11/2012,609.2806
14/11/2012,609.4459
21/11/2012,607.9337
28/11/2012,609.3518
05/12/2012,606.5981
12/12/2012,606.1533
19/12/2012,606.4617
26/12/2012,607.3178
02/01/2013,608.4065
09/01/2013,607.2911
16/01/2013,606.1852
23/01/2013,606.8198
30/01/2013,608.7855
06/02/2013,608.0614
13/02/2013,608.2226
20/02/2013,607.6991
27/02/2013,609.4093
06/03/2013,607.7027
13/03/2013,613.2971
20/03/2013,612.5106
27/03/2013,612.4522
03/04/2013,612.3986
10/04/2013,612.0694
17/04/2013,612.3703
24/04/2013,611.8903
01/05/2013,612.123
08/05/2013,612.4001
15/05/2013,612.5737
22/05/2013,613.3582
29/05/2013,614.8778
05/06/2013,614.6924
12/06/2013,615.3296
19/06/2013,615.1892
26/06/2013,615.1543
03/07/2013,613.0957
10/07/2013,613.1929
17/07/2013,612.0245
24/07/2013,610.7297
31/07/2013,610.9863
07/08/2013,611.035
14/08/2013,611.5305
21/08/2013,611.4625
28/08/2013,611.659
04/09/2013,612.424
11/09/2013,611.6263
18/09/2013,611.677
25/09/2013,611.3485
02/10/2013,613.0487
09/10/2013,613.1497
16/10/2013,613.4434
23/10/2013,613.8156
30/10/2013,615.5516
06/11/2013,615.214
13/11/2013,615.6282
20/11/2013,599.1201
27/11/2013,597.7758
04/12/2013,599.4458
11/12/2013,599.8694
18/12/2013,599.6272
25/12/2013,601.0491
01/01/2014,600.0738
08/01/2014,600.5827
15/01/2014,599.3825
22/01/2014,600.0425
29/01/2014,601.3014
05/02/2014,601.4534
12/02/2014,600.895
19/02/2014,602.7956
26/02/2014,603.3597
05/03/2014,603.0309
12/03/2014,603.4891
19/03/2014,604.3745
26/03/2014,604.1487
02/04/2014,603.9773
09/04/2014,604.8803
16/04/2014,606.5831
23/04/2014,607.2655
30/04/2014,608.4063
07/05/2014,608.7884
14/05/2014,610.465
21/05/2014,610.1594
28/05/2014,609.9878
04/06/2014,610.4741
11/06/2014,611.7145
18/06/2014,611.3869
25/06/2014,610.9066
02/07/2014,611.4527
09/07/2014,612.5979
16/07/2014,612.8781
23/07/2014,613.0913
30/07/2014,614.5272
06/08/2014,613.7567
13/08/2014,614.5474
20/08/2014,615.1723
27/08/2014,615.6474
03/09/2014,617.9089
10/09/2014,616.955
17/09/2014,617.5219
24/09/2014,617.2728
01/10/2014,618.6529
08/10/2014,618.0232
15/10/2014,617.9974
22/10/2014,619.0287
29/10/2014,619.3122
05/11/2014,620.0843
12/11/2014,622.2838
19/11/2014,622.6614
26/11/2014,620.8921
03/12/2014,621.0668
10/12/2014,623.0766
17/12/2014,622.3172
24/12/2014,625.1859
31/12/2014,623.4235
07/01/2015,624.5211
14/01/2015,625.7922
21/01/2015,625.8431
28/01/2015,625.7173
04/02/2015,625.6229
11/02/2015,627.3325
18/02/2015,627.4143
25/02/2015,625.442
04/03/2015,626.0563
11/03/2015,626.4609
18/03/2015,626.8278
25/03/2015,627.6763
01/04/2015,630.5444
08/04/2015,631.7306
15/04/2015,631.6501
22/04/2015,632.5246
29/04/2015,633.8395
06/05/2015,634.1614
13/05/2015,634.9745
20/05/2015,634.6789
27/05/2015,634.9938
03/06/2015,634.5442
10/06/2015,636.4693
17/06/2015,636.0472
24/06/2015,638.465
01/07/2015,639.167
08/07/2015,640.1074
15/07/2015,640.1455
22/07/2015,641.4975
29/07/2015,642.7529
05/08/2015,643.9447
12/08/2015,644.8707
19/08/2015,645.7448
26/08/2015,645.5946
02/09/2015,646.6985
09/09/2015,649.2648
16/09/2015,648.871
23/09/2015,648.9786
30/09/2015,651.0252
07/10/2015,652.188
14/10/2015,653.4744
21/10/2015,653.8325
28/10/2015,653.2647
04/11/2015,654.6388
11/11/2015,655.1233
18/11/2015,656.2407
25/11/2015,656.0776
02/12/2015,656.3755
09/12/2015,657.8332
16/12/2015,658.3104
23/12/2015,659.1462
30/12/2015,660.1669
06/01/2016,663.8659
13/01/2016,663.7493
20/01/2016,665.3657
27/01/2016,663.9477
03/02/2016,664.2723
10/02/2016,664.702
17/02/2016,664.8839
24/02/2016,663.8514
02/03/2016,665.3827
09/03/2016,669.6943
16/03/2016,670.3684
23/03/2016,672.1199
30/03/2016,674.3169
06/04/2016,674.0638
13/04/2016,673.4681
20/04/2016,675.6202
27/04/2016,676.2228
04/05/2016,677.3287
11/05/2016,677.4699
18/05/2016,678.4914
25/05/2016,677.4928
01/06/2016,679.3833
08/06/2016,681.3718
15/06/2016,682.5113
22/06/2016,692.4083
29/06/2016,694.1422
06/07/2016,695.9532
13/07/2016,696.4488
20/07/2016,697.7676
27/07/2016,697.6659
03/08/2016,698.5575
10/08/2016,699.5767
17/08/2016,700.2024
24/08/2016,700.841
31/08/2016,700.9575
07/09/2016,702.1308
14/09/2016,702.5939
21/09/2016,703.2998
28/09/2016,703.8154
05/10/2016,705.5708
12/10/2016,705.6661
19/10/2016,706.32
26/10/2016,705.146
02/11/2016,706.1787
09/11/2016,706.3323
16/11/2016,706.1622
23/11/2016,706.9047
30/11/2016,711.458
07/12/2016,711.051
14/12/2016,712.0995
21/12/2016,711.3192
28/12/2016,712.1667
04/01/2017,714.466
11/01/2017,712.9632
18/01/2017,714.9639
25/01/2017,713.2747
01/02/2017,714.8065
08/02/2017,715.5875
15/02/2017,714.875
22/02/2017,715.8287
01/03/2017,716.2851
08/03/2017,716.5532
15/03/2017,716.62
22/03/2017,717.8827
29/03/2017,717.136
05/04/2017,718.1713
12/04/2017,720.0589
19/04/2017,719.6932
26/04/2017,718.4909
03/05/2017,719.4247
10/05/2017,719.3518
17/05/2017,720.0214
24/05/2017,720.9898
31/05/2017,722.2248
07/06/2017,722.1103
14/06/2017,723.2599
21/06/2017,726.048
28/06/2017,726.2168
05/07/2017,728.2475
12/07/2017,728.7024
19/07/2017,728.8926
26/07/2017,728.4091
02/08/2017,728.9651
09/08/2017,730.2008
16/08/2017,729.4928
23/08/2017,730.8735
30/08/2017,731.7586
06/09/2017,733.058
13/09/2017,736.4171
20/09/2017,737.7871
27/09/2017,737.3106
04/10/2017,738.7566
11/10/2017,738.8301
18/10/2017,753.8042
25/10/2017,753.34
01/11/2017,755.7949
08/11/2017,758.7792
15/11/2017,759.169
22/11/2017,760.266
29/11/2017,763.7268
06/12/2017,762.5487
13/12/2017,762.853
20/12/2017,763.2479
27/12/2017,764.0508
03/01/2018,766.9557
10/01/2018,767.7948
17/01/2018,768.9392
24/01/2018,766.9081
31/01/2018,768.8883
07/02/2018,768.5364
14/02/2018,768.9949
21/02/2018,767.927
28/02/2018,768.1151
07/03/2018,770.321
14/03/2018,769.3418
21/03/2018,770.3757
28/03/2018,770.2458
04/04/2018,786.0321
11/04/2018,785.7074
18/04/2018,786.25
25/04/2018,786.3248
02/05/2018,786.5118
09/05/2018,787.7949
16/05/2018,788.3656
23/05/2018,788.9016
30/05/2018,792.3382
06/06/2018,792.1424
13/06/2018,793.3164
20/06/2018,792.8096
27/06/2018,792.948
04/07/2018,793.2822
11/07/2018,791.8176
18/07/2018,792.8374
25/07/2018,793.2638
01/08/2018,792.9946
08/08/2018,795.2997
15/08/2018,795.083
22/08/2018,796.4692
29/08/2018,797.4595
05/09/2018,798.8885
12/09/2018,798.0696
19/09/2018,799.2509
26/09/2018,798.6972
03/10/2018,800.4088
10/10/2018,801.4845
17/10/2018,800.685
24/10/2018,801.8338
31/10/2018,804.4286
07/11/2018,802.8481
14/11/2018,804.8419
21/11/2018,806.104
28/11/2018,809.1348
05/12/2018,806.0217
12/12/2018,806.7564
19/12/2018,804.3374
26/12/2018,806.4367
02/01/2019,806.0533
09/01/2019,808.0384
16/01/2019,806.5449
23/01/2019,808.8166
30/01/2019,812.0672
06/02/2019,811.8624
13/02/2019,811.7973
20/02/2019,812.2538
27/02/2019,814.055
06/03/2019,814.3139
13/03/2019,815.2115
20/03/2019,816.7439
27/03/2019,816.1429
03/04/2019,816.4539
10/04/2019,817.0322
17/04/2019,819.2461
24/04/2019,819.5142
01/05/2019,820.1271
08/05/2019,821.7353
15/05/2019,820.6697
22/05/2019,821.2959
29/05/2019,824.103
05/06/2019,824.4695
12/06/2019,825.6007
19/06/2019,824.2842
26/06/2019,822.7758
03/07/2019,821.9595
10/07/2019,824.2004
17/07/2019,823.6618
24/07/2019,825.1689
31/07/2019,828.4205
07/08/2019,828.8298
14/08/2019,829.4744
21/08/2019,830.4628
28/08/2019,829.6667
04/09/2019,832.3601
11/09/2019,830.2747
18/09/2019,831.4256
25/09/2019,830.8064
02/10/2019,830.4604
09/10/2019,831.0482
16/10/2019,838.9352
23/10/2019,838.9904
30/10/2019,841.4903
06/11/2019,840.6295
13/11/2019,841.6122
20/11/2019,839.9057
27/11/2019,835.7003
04/12/2019,838.8229
11/12/2019,841.6863
18/12/2019,840.1328
25/12/2019,845.3624
01/01/2020,845.6198
08/01/2020,847.236
15/01/2020,845.43
22/01/2020,848.0553
29/01/2020,849.0016
05/02/2020,848.6804
12/02/2020,848.8486
19/02/2020,850.0879
26/02/2020,850.9577
04/03/2020,858.9658
11/03/2020,859.1376
18/03/2020,858.8744
25/03/2020,845.923
01/04/2020,834.5508
08/04/2020,820.3005
15/04/2020,804.0622
22/04/2020,788.9159
29/04/2020,784.5934
06/05/2020,778.7898
13/05/2020,774.712
20/05/2020,770.6334
27/05/2020,766.9579
03/06/2020,765.0285
10/06/2020,765.2801
17/06/2020,762.7502
24/06/2020,761.3876
01/07/2020,758.2778
08/07/2020,760.838
15/07/2020,759.6969
22/07/2020,758.8711
29/07/2020,757.2459
05/08/2020,756.4084
12/08/2020,754.2245
19/08/2020,753.8078
26/08/2020,752.2388
02/09/2020,750.9543
09/09/2020,752.3101
16/09/2020,751.7782
23/09/2020,751.0914
30/09/2020,752.7827
07/10/2020,750.4705
14/10/2020,751.2379
21/10/2020,751.381
28/10/2020,750.4496
04/11/2020,751.1364
11/11/2020,751.4355
18/11/2020,749.0437
25/11/2020,749.6235
02/12/2020,747.2002
09/12/2020,750.0089
16/12/2020,749.862
23/12/2020,750.6163
30/12/2020,747.4055
06/01/2021,747.6217
13/01/2021,745.9553
20/01/2021,746.1105
27/01/2021,744.7572
03/02/2021,743.5994
10/02/2021,744.6052
17/02/2021,745.2567
24/02/2021,744.8676
03/03/2021,746.5368
10/03/2021,746.4619
17/03/2021,745.2013
24/03/2021,742.761
31/03/2021,743.5154
07/04/2021,738.7001
14/04/2021,738.2522
21/04/2021,739.1412
28/04/2021,742.6582
05/05/2021,741.7784
12/05/2021,746.6157
19/05/2021,749.5582
26/05/2021,751.9073
02/06/2021,751.5512
09/06/2021,754.229
16/06/2021,754.4502
23/06/2021,756.7505
30/06/2021,761.1352
07/07/2021,760.4079
14/07/2021,760.6997
21/07/2021,763.2158
28/07/2021,765.0973
04/08/2021,766.8431
11/08/2021,768.4133
18/08/2021,770.7159
25/08/2021,770.3127
01/09/2021,771.1379
08/09/2021,771.1801
15/09/2021,772.0212
22/09/2021,773.2013
29/09/2021,778.3882
06/10/2021,777.3967
13/10/2021,781.2354
20/10/2021,782.2609
27/10/2021,785.5481
03/11/2021,786.0644
10/11/2021,788.7595
17/11/2021,792.2987
24/11/2021,796.2636
01/12/2021,799.5578
08/12/2021,800.6144
15/12/2021,800.9964
22/12/2021,803.8438
29/12/2021,804.4488
05/01/2022,805.5473
12/01/2022,808.5416
19/01/2022,810.1003
26/01/2022,812.1488
02/02/2022,814.3669
09/02/2022,815.4233
16/02/2022,817.0409
23/02/2022,823.0922
02/03/2022,826.5399
09/03/2022,830.1572
16/03/2022,833.8844
23/03/2022,840.0537
30/03/2022,846.9401
06/04/2022,846.4251
13/04/2022,852.7326
20/04/2022,856.0459
27/04/2022,859.5223
04/05/2022,860.0291
11/05/2022,863.5591
18/05/2022,863.9839
25/05/2022,868.1277
01/06/2022,870.4957
08/06/2022,873.8362
15/06/2022,874.9281
22/06/2022,882.9978
29/06/2022,886.2248
06/07/2022,887.9274
13/07/2022,890.0239
20/07/2022,893.3475
27/07/2022,895.3404
03/08/2022,896.7015
10/08/2022,899.0177
17/08/2022,899.8235
24/08/2022,903.8864
31/08/2022,909.0872
07/09/2022,908.8923
14/09/2022,911.7069
21/09/2022,914.3299
28/09/2022,917.1075
05/10/2022,919.1689
12/10/2022,922.5579
19/10/2022,925.2296
26/10/2022,927.7674
02/11/2022,927.9469
09/11/2022,928.5524
16/11/2022,928.5891
23/11/2022,932.4162
30/11/2022,935.5114
07/12/2022,934.1595
14/12/2022,936.2642
21/12/2022,936.582
28/12/2022,936.4171
04/01/2023,942.4259
11/01/2023,944.6114
18/01/2023,950.0542
25/01/2023,950.3897
01/02/2023,951.84
08/02/2023,954.3279
15/02/2023,957.1378
22/02/2023,960.2284
01/03/2023,958.1362
08/03/2023,965.1121
15/03/2023,968.2839
22/03/2023,973.8607
29/03/2023,975.5482
05/04/2023,976.1162
12/04/2023,976.6656
19/04/2023,983.1513
