DATE,unemployment_claims
07/01/1967,1134000
14/01/1967,1119000
21/01/1967,1119000
28/01/1967,1103000
04/02/1967,1131000
11/02/1967,1153000
18/02/1967,1167000
25/02/1967,1199000
04/03/1967,1235000
11/03/1967,1234000
18/03/1967,1236000
25/03/1967,1268000
01/04/1967,1291000
08/04/1967,1273000
15/04/1967,1278000
22/04/1967,1277000
29/04/1967,1286000
06/05/1967,1308000
13/05/1967,1284000
20/05/1967,1265000
27/05/1967,1253000
03/06/1967,1265000
10/06/1967,1251000
17/06/1967,1248000
24/06/1967,1220000
01/07/1967,1193000
08/07/1967,1248000
15/07/1967,1258000
22/07/1967,1252000
29/07/1967,1280000
05/08/1967,1240000
12/08/1967,1215000
19/08/1967,1202000
26/08/1967,1180000
02/09/1967,1204000
09/09/1967,1189000
16/09/1967,1179000
23/09/1967,1178000
30/09/1967,1157000
07/10/1967,1165000
14/10/1967,1189000
21/10/1967,1174000
28/10/1967,1161000
04/11/1967,1176000
11/11/1967,1142000
18/11/1967,1133000
25/11/1967,1142000
02/12/1967,1150000
09/12/1967,1153000
16/12/1967,1188000
23/12/1967,1195000
30/12/1967,1167000
06/01/1968,1158000
13/01/1968,1187000
20/01/1968,1191000
27/01/1968,1157000
03/02/1968,1173000
10/02/1968,1175000
17/02/1968,1143000
24/02/1968,1165000
02/03/1968,1151000
09/03/1968,1147000
16/03/1968,1143000
23/03/1968,1136000
30/03/1968,1119000
06/04/1968,1079000
13/04/1968,1079000
20/04/1968,1059000
27/04/1968,1087000
04/05/1968,1079000
11/05/1968,1091000
18/05/1968,1071000
25/05/1968,1073000
01/06/1968,1063000
08/06/1968,1097000
15/06/1968,1071000
22/06/1968,1060000
29/06/1968,1038000
06/07/1968,1097000
13/07/1968,1076000
20/07/1968,1033000
27/07/1968,1036000
03/08/1968,1072000
10/08/1968,1088000
17/08/1968,1107000
24/08/1968,1094000
31/08/1968,1064000
07/09/1968,1067000
14/09/1968,1044000
21/09/1968,1047000
28/09/1968,1048000
05/10/1968,1060000
12/10/1968,1045000
19/10/1968,1035000
26/10/1968,1033000
02/11/1968,1028000
09/11/1968,1028000
16/11/1968,1076000
23/11/1968,1023000
30/11/1968,1056000
07/12/1968,1063000
14/12/1968,1061000
21/12/1968,1063000
28/12/1968,1116000
04/01/1969,1118000
11/01/1969,1099000
18/01/1969,1072000
25/01/1969,1077000
01/02/1969,1099000
08/02/1969,1088000
15/02/1969,1115000
22/02/1969,1092000
01/03/1969,1098000
08/03/1969,1099000
15/03/1969,1080000
22/03/1969,1071000
29/03/1969,1041000
05/04/1969,1076000
12/04/1969,1050000
19/04/1969,1025000
26/04/1969,992000
03/05/1969,1003000
10/05/1969,1018000
17/05/1969,1007000
24/05/1969,1006000
31/05/1969,988000
07/06/1969,992000
14/06/1969,1010000
21/06/1969,1012000
28/06/1969,1021000
05/07/1969,1072000
12/07/1969,1092000
19/07/1969,1072000
26/07/1969,1110000
02/08/1969,1126000
09/08/1969,1093000
16/08/1969,1067000
23/08/1969,1060000
30/08/1969,1074000
06/09/1969,1111000
13/09/1969,1082000
20/09/1969,1083000
27/09/1969,1086000
04/10/1969,1103000
11/10/1969,1100000
18/10/1969,1118000
25/10/1969,1136000
01/11/1969,1143000
08/11/1969,1146000
15/11/1969,1181000
22/11/1969,1158000
29/11/1969,1211000
06/12/1969,1226000
13/12/1969,1233000
20/12/1969,1252000
27/12/1969,1304000
03/01/1970,1332000
10/01/1970,1353000
17/01/1970,1371000
24/01/1970,1388000
31/01/1970,1385000
07/02/1970,1397000
14/02/1970,1445000
21/02/1970,1412000
28/02/1970,1430000
07/03/1970,1443000
14/03/1970,1456000
21/03/1970,1498000
28/03/1970,1537000
04/04/1970,1573000
11/04/1970,1586000
18/04/1970,1653000
25/04/1970,1748000
02/05/1970,1811000
09/05/1970,1847000
16/05/1970,1840000
23/05/1970,1827000
30/05/1970,1807000
06/06/1970,1817000
13/06/1970,1852000
20/06/1970,1864000
27/06/1970,1866000
04/07/1970,1853000
11/07/1970,1868000
18/07/1970,1877000
25/07/1970,1918000
01/08/1970,1900000
08/08/1970,1890000
15/08/1970,1933000
22/08/1970,1970000
29/08/1970,2005000
05/09/1970,1996000
12/09/1970,2068000
19/09/1970,2069000
26/09/1970,2092000
03/10/1970,2164000
10/10/1970,2207000
17/10/1970,2210000
24/10/1970,2257000
31/10/1970,2233000
07/11/1970,2279000
14/11/1970,2343000
21/11/1970,2285000
28/11/1970,2292000
05/12/1970,2276000
12/12/1970,2193000
19/12/1970,2224000
26/12/1970,2147000
02/01/1971,2102000
09/01/1971,2124000
16/01/1971,2100000
23/01/1971,2091000
30/01/1971,2086000
06/02/1971,2120000
13/02/1971,2079000
20/02/1971,2120000
27/02/1971,2081000
06/03/1971,2132000
13/03/1971,2126000
20/03/1971,2140000
27/03/1971,2157000
03/04/1971,2135000
10/04/1971,2156000
17/04/1971,2163000
24/04/1971,2127000
01/05/1971,2157000
08/05/1971,2179000
15/05/1971,2179000
22/05/1971,2167000
29/05/1971,2171000
05/06/1971,2194000
12/06/1971,2199000
19/06/1971,2182000
26/06/1971,2172000
03/07/1971,2116000
10/07/1971,2130000
17/07/1971,2087000
24/07/1971,2129000
31/07/1971,2150000
07/08/1971,2174000
14/08/1971,2202000
21/08/1971,2186000
28/08/1971,2188000
04/09/1971,2228000
11/09/1971,2250000
18/09/1971,2246000
25/09/1971,2233000
02/10/1971,2216000
09/10/1971,2247000
16/10/1971,2190000
23/10/1971,2176000
30/10/1971,2194000
06/11/1971,2204000
13/11/1971,2134000
20/11/1971,2134000
27/11/1971,2111000
04/12/1971,2117000
11/12/1971,2085000
18/12/1971,2109000
25/12/1971,2037000
01/01/1972,1934000
08/01/1972,1931000
15/01/1972,1923000
22/01/1972,1907000
29/01/1972,1921000
05/02/1972,1941000
12/02/1972,1960000
19/02/1972,1902000
26/02/1972,1903000
04/03/1972,1905000
11/03/1972,1906000
18/03/1972,1907000
25/03/1972,1877000
01/04/1972,1913000
08/04/1972,1910000
15/04/1972,1891000
22/04/1972,1855000
29/04/1972,1870000
06/05/1972,1893000
13/05/1972,1874000
20/05/1972,1863000
27/05/1972,1871000
03/06/1972,1857000
10/06/1972,1870000
17/06/1972,1855000
24/06/1972,1871000
01/07/1972,1935000
08/07/1972,1977000
15/07/1972,1947000
22/07/1972,1962000
29/07/1972,1928000
05/08/1972,1855000
12/08/1972,1812000
19/08/1972,1794000
26/08/1972,1792000
02/09/1972,1838000
09/09/1972,1802000
16/09/1972,1799000
23/09/1972,1791000
30/09/1972,1763000
07/10/1972,1771000
14/10/1972,1760000
21/10/1972,1733000
28/10/1972,1750000
04/11/1972,1722000
11/11/1972,1736000
18/11/1972,1727000
25/11/1972,1743000
02/12/1972,1676000
09/12/1972,1681000
16/12/1972,1756000
23/12/1972,1697000
30/12/1972,1663000
06/01/1973,1617000
13/01/1973,1660000
20/01/1973,1607000
27/01/1973,1601000
03/02/1973,1596000
10/02/1973,1594000
17/02/1973,1582000
24/02/1973,1582000
03/03/1973,1579000
10/03/1973,1584000
17/03/1973,1578000
24/03/1973,1562000
31/03/1973,1547000
07/04/1973,1552000
14/04/1973,1539000
21/04/1973,1573000
28/04/1973,1551000
05/05/1973,1560000
12/05/1973,1557000
19/05/1973,1553000
26/05/1973,1567000
02/06/1973,1556000
09/06/1973,1563000
16/06/1973,1576000
23/06/1973,1570000
30/06/1973,1571000
07/07/1973,1605000
14/07/1973,1605000
21/07/1973,1594000
28/07/1973,1603000
04/08/1973,1633000
11/08/1973,1679000
18/08/1973,1672000
25/08/1973,1675000
01/09/1973,1681000
08/09/1973,1688000
15/09/1973,1666000
22/09/1973,1658000
29/09/1973,1658000
06/10/1973,1657000
13/10/1973,1679000
20/10/1973,1646000
27/10/1973,1675000
03/11/1973,1669000
10/11/1973,1702000
17/11/1973,1698000
24/11/1973,1755000
01/12/1973,1692000
08/12/1973,1717000
15/12/1973,1779000
22/12/1973,1836000
29/12/1973,1805000
05/01/1974,1934000
12/01/1974,1949000
19/01/1974,1995000
26/01/1974,1950000
02/02/1974,1963000
09/02/1974,2010000
16/02/1974,2049000
23/02/1974,2027000
02/03/1974,2020000
09/03/1974,2054000
16/03/1974,2068000
23/03/1974,2074000
30/03/1974,2062000
06/04/1974,2066000
13/04/1974,2072000
20/04/1974,2081000
27/04/1974,2045000
04/05/1974,2056000
11/05/1974,2041000
18/05/1974,2053000
25/05/1974,2057000
01/06/1974,2079000
08/06/1974,2067000
15/06/1974,2095000
22/06/1974,2066000
29/06/1974,2074000
06/07/1974,2160000
13/07/1974,2125000
20/07/1974,2109000
27/07/1974,2097000
03/08/1974,2147000
10/08/1974,2171000
17/08/1974,2168000
24/08/1974,2172000
31/08/1974,2211000
07/09/1974,2265000
14/09/1974,2274000
21/09/1974,2273000
28/09/1974,2306000
05/10/1974,2360000
12/10/1974,2396000
19/10/1974,2519000
26/10/1974,2520000
02/11/1974,2623000
09/11/1974,2699000
16/11/1974,2862000
23/11/1974,2748000
30/11/1974,3086000
07/12/1974,3178000
14/12/1974,3291000
21/12/1974,3300000
28/12/1974,3396000
04/01/1975,3554000
11/01/1975,3557000
18/01/1975,3658000
25/01/1975,3708000
01/02/1975,3738000
08/02/1975,3856000
15/02/1975,3863000
22/02/1975,3969000
01/03/1975,4023000
08/03/1975,4147000
15/03/1975,4195000
22/03/1975,4201000
29/03/1975,4310000
05/04/1975,4428000
12/04/1975,4449000
19/04/1975,4497000
26/04/1975,4520000
03/05/1975,4604000
10/05/1975,4597000
17/05/1975,4592000
24/05/1975,4461000
31/05/1975,4637000
07/06/1975,4484000
14/06/1975,4529000
21/06/1975,4406000
28/06/1975,4090000
05/07/1975,4239000
12/07/1975,4057000
19/07/1975,4208000
26/07/1975,4075000
02/08/1975,4015000
09/08/1975,4028000
16/08/1975,3934000
23/08/1975,3940000
30/08/1975,3854000
06/09/1975,3969000
13/09/1975,3880000
20/09/1975,3880000
27/09/1975,3851000
04/10/1975,3868000
11/10/1975,3675000
18/10/1975,3720000
25/10/1975,3662000
01/11/1975,3607000
08/11/1975,3546000
15/11/1975,3551000
22/11/1975,3377000
29/11/1975,3391000
06/12/1975,3331000
13/12/1975,3266000
20/12/1975,3124000
27/12/1975,3072000
03/01/1976,3214000
10/01/1976,3084000
17/01/1976,3026000
24/01/1976,2957000
31/01/1976,2895000
07/02/1976,2912000
14/02/1976,2867000
21/02/1976,2862000
28/02/1976,2822000
06/03/1976,2853000
13/03/1976,2837000
20/03/1976,2852000
27/03/1976,2830000
03/04/1976,2859000
10/04/1976,2840000
17/04/1976,2890000
24/04/1976,2900000
01/05/1976,2940000
08/05/1976,2941000
15/05/1976,2947000
22/05/1976,2961000
29/05/1976,2916000
05/06/1976,2970000
12/06/1976,2950000
19/06/1976,3003000
26/06/1976,3035000
03/07/1976,2958000
10/07/1976,2995000
17/07/1976,3011000
24/07/1976,3019000
31/07/1976,2996000
07/08/1976,3007000
14/08/1976,2990000
21/08/1976,2983000
28/08/1976,3081000
04/09/1976,2988000
11/09/1976,3092000
18/09/1976,3097000
25/09/1976,3103000
02/10/1976,3104000
09/10/1976,3119000
16/10/1976,3074000
23/10/1976,3088000
30/10/1976,3080000
06/11/1976,3079000
13/11/1976,3064000
20/11/1976,3061000
27/11/1976,3019000
04/12/1976,2994000
11/12/1976,2978000
18/12/1976,2900000
25/12/1976,2822000
01/01/1977,2818000
08/01/1977,2764000
15/01/1977,2841000
22/01/1977,2834000
29/01/1977,2879000
05/02/1977,2956000
12/02/1977,2904000
19/02/1977,2772000
26/02/1977,2764000
05/03/1977,2717000
12/03/1977,2728000
19/03/1977,2695000
26/03/1977,2671000
02/04/1977,2655000
09/04/1977,2717000
16/04/1977,2680000
23/04/1977,2660000
30/04/1977,2644000
07/05/1977,2618000
14/05/1977,2635000
21/05/1977,2647000
28/05/1977,2625000
04/06/1977,2650000
11/06/1977,2589000
18/06/1977,2622000
25/06/1977,2616000
02/07/1977,2572000
09/07/1977,2563000
16/07/1977,2591000
23/07/1977,2584000
30/07/1977,2605000
06/08/1977,2605000
13/08/1977,2618000
20/08/1977,2612000
27/08/1977,2607000
03/09/1977,2571000
10/09/1977,2601000
17/09/1977,2605000
24/09/1977,2581000
01/10/1977,2583000
08/10/1977,2575000
15/10/1977,2575000
22/10/1977,2561000
29/10/1977,2587000
05/11/1977,2535000
12/11/1977,2592000
19/11/1977,2527000
26/11/1977,2620000
03/12/1977,2505000
10/12/1977,2529000
17/12/1977,2558000
24/12/1977,2482000
31/12/1977,2461000
07/01/1978,2456000
14/01/1978,2418000
21/01/1978,2522000
28/01/1978,2578000
04/02/1978,2468000
11/02/1978,2656000
18/02/1978,2545000
25/02/1978,2553000
04/03/1978,2529000
11/03/1978,2526000
18/03/1978,2471000
25/03/1978,2473000
01/04/1978,2453000
08/04/1978,2397000
15/04/1978,2339000
22/04/1978,2287000
29/04/1978,2272000
06/05/1978,2246000
13/05/1978,2231000
20/05/1978,2238000
27/05/1978,2211000
03/06/1978,2224000
10/06/1978,2189000
17/06/1978,2225000
24/06/1978,2249000
01/07/1978,2242000
08/07/1978,2331000
15/07/1978,2328000
22/07/1978,2321000
29/07/1978,2344000
05/08/1978,2395000
12/08/1978,2422000
19/08/1978,2405000
26/08/1978,2370000
02/09/1978,2336000
09/09/1978,2278000
16/09/1978,2271000
23/09/1978,2247000
30/09/1978,2217000
07/10/1978,2219000
14/10/1978,2274000
21/10/1978,2207000
28/10/1978,2222000
04/11/1978,2188000
11/11/1978,2200000
18/11/1978,2158000
25/11/1978,2349000
02/12/1978,2248000
09/12/1978,2292000
16/12/1978,2328000
23/12/1978,2276000
30/12/1978,2289000
06/01/1979,2366000
13/01/1979,2368000
20/01/1979,2403000
27/01/1979,2393000
03/02/1979,2411000
10/02/1979,2412000
17/02/1979,2383000
24/02/1979,2451000
03/03/1979,2451000
10/03/1979,2413000
17/03/1979,2377000
24/03/1979,2353000
31/03/1979,2335000
07/04/1979,2368000
14/04/1979,2467000
21/04/1979,2408000
28/04/1979,2351000
05/05/1979,2292000
12/05/1979,2261000
19/05/1979,2238000
26/05/1979,2246000
02/06/1979,2260000
09/06/1979,2207000
16/06/1979,2234000
23/06/1979,2275000
30/06/1979,2282000
07/07/1979,2368000
14/07/1979,2356000
21/07/1979,2335000
28/07/1979,2375000
04/08/1979,2422000
11/08/1979,2466000
18/08/1979,2474000
25/08/1979,2471000
01/09/1979,2448000
08/09/1979,2432000
15/09/1979,2431000
22/09/1979,2404000
29/09/1979,2426000
06/10/1979,2428000
13/10/1979,2535000
20/10/1979,2475000
27/10/1979,2522000
03/11/1979,2569000
10/11/1979,2537000
17/11/1979,2656000
24/11/1979,2648000
01/12/1979,2698000
08/12/1979,2685000
15/12/1979,2712000
22/12/1979,2674000
29/12/1979,2725000
05/01/1980,2749000
12/01/1980,2778000
19/01/1980,2783000
26/01/1980,2817000
02/02/1980,2864000
09/02/1980,2867000
16/02/1980,2877000
23/02/1980,2866000
01/03/1980,2848000
08/03/1980,2883000
15/03/1980,2888000
22/03/1980,2921000
29/03/1980,2866000
05/04/1980,3007000
12/04/1980,3085000
19/04/1980,3188000
26/04/1980,3226000
03/05/1980,3334000
10/05/1980,3417000
17/05/1980,3544000
24/05/1980,3698000
31/05/1980,3731000
07/06/1980,3781000
14/06/1980,3779000
21/06/1980,3858000
28/06/1980,3912000
05/07/1980,3823000
12/07/1980,3836000
19/07/1980,3872000
26/07/1980,3851000
02/08/1980,3789000
09/08/1980,3862000
16/08/1980,3813000
23/08/1980,3754000
30/08/1980,3808000
06/09/1980,3698000
13/09/1980,3699000
20/09/1980,3698000
27/09/1980,3679000
04/10/1980,3672000
11/10/1980,3549000
18/10/1980,3477000
25/10/1980,3527000
01/11/1980,3391000
08/11/1980,3380000
15/11/1980,3260000
22/11/1980,3303000
29/11/1980,3169000
06/12/1980,3185000
13/12/1980,3125000
20/12/1980,3056000
27/12/1980,3136000
03/01/1981,3123000
10/01/1981,3082000
17/01/1981,3023000
24/01/1981,2988000
31/01/1981,2975000
07/02/1981,2945000
14/02/1981,3043000
21/02/1981,3023000
28/02/1981,2901000
07/03/1981,2931000
14/03/1981,2905000
21/03/1981,2885000
28/03/1981,2876000
04/04/1981,2875000
11/04/1981,2800000
18/04/1981,2860000
25/04/1981,2893000
02/05/1981,2944000
09/05/1981,2887000
16/05/1981,2865000
23/05/1981,2862000
30/05/1981,2962000
06/06/1981,2877000
13/06/1981,2867000
20/06/1981,2886000
27/06/1981,2983000
04/07/1981,2886000
11/07/1981,2845000
18/07/1981,2902000
25/07/1981,2899000
01/08/1981,2867000
08/08/1981,2998000
15/08/1981,2966000
22/08/1981,2957000
29/08/1981,2954000
05/09/1981,2914000
12/09/1981,3051000
19/09/1981,3014000
26/09/1981,3073000
03/10/1981,3069000
10/10/1981,3098000
17/10/1981,3104000
24/10/1981,3181000
31/10/1981,3183000
07/11/1981,3282000
14/11/1981,3291000
21/11/1981,3416000
28/11/1981,3360000
05/12/1981,3517000
12/12/1981,3397000
19/12/1981,3551000
26/12/1981,3636000
02/01/1982,3523000
09/01/1982,3398000
16/01/1982,3624000
23/01/1982,3602000
30/01/1982,3521000
06/02/1982,3617000
13/02/1982,3490000
20/02/1982,3562000
27/02/1982,3553000
06/03/1982,3619000
13/03/1982,3605000
20/03/1982,3684000
27/03/1982,3714000
03/04/1982,3720000
10/04/1982,3841000
17/04/1982,3967000
24/04/1982,3930000
01/05/1982,3960000
08/05/1982,3972000
15/05/1982,3968000
22/05/1982,4103000
29/05/1982,3956000
05/06/1982,4094000
12/06/1982,4121000
19/06/1982,4105000
26/06/1982,4057000
03/07/1982,4139000
10/07/1982,4025000
17/07/1982,4148000
24/07/1982,4155000
31/07/1982,4040000
07/08/1982,4191000
14/08/1982,4234000
21/08/1982,4300000
28/08/1982,4316000
04/09/1982,4356000
11/09/1982,4445000
18/09/1982,4468000
25/09/1982,4542000
02/10/1982,4629000
09/10/1982,4689000
16/10/1982,4599000
23/10/1982,4686000
30/10/1982,4595000
06/11/1982,4713000
13/11/1982,4554000
20/11/1982,4695000
27/11/1982,4442000
04/12/1982,4509000
11/12/1982,4339000
18/12/1982,4371000
25/12/1982,4381000
01/01/1983,4010000
08/01/1983,3885000
15/01/1983,3950000
22/01/1983,3860000
29/01/1983,3890000
05/02/1983,3877000
12/02/1983,3865000
19/02/1983,3819000
26/02/1983,3876000
05/03/1983,3797000
12/03/1983,3787000
19/03/1983,3752000
26/03/1983,3734000
02/04/1983,3759000
09/04/1983,3814000
16/04/1983,3744000
23/04/1983,3762000
30/04/1983,3722000
07/05/1983,3714000
14/05/1983,3625000
21/05/1983,3701000
28/05/1983,3457000
04/06/1983,3548000
11/06/1983,3453000
18/06/1983,3452000
25/06/1983,3369000
02/07/1983,3239000
09/07/1983,3226000
16/07/1983,3216000
23/07/1983,3155000
30/07/1983,3112000
06/08/1983,3106000
13/08/1983,3107000
20/08/1983,3131000
27/08/1983,3079000
03/09/1983,3055000
10/09/1983,3007000
17/09/1983,2993000
24/09/1983,2973000
01/10/1983,2926000
08/10/1983,2929000
15/10/1983,2913000
22/10/1983,2886000
29/10/1983,2860000
05/11/1983,2750000
12/11/1983,2789000
19/11/1983,2879000
26/11/1983,2733000
03/12/1983,2737000
10/12/1983,2666000
17/12/1983,2796000
24/12/1983,2718000
31/12/1983,2644000
07/01/1984,2588000
14/01/1984,2522000
21/01/1984,2531000
28/01/1984,2556000
04/02/1984,2531000
11/02/1984,2453000
18/02/1984,2425000
25/02/1984,2469000
03/03/1984,2441000
10/03/1984,2431000
17/03/1984,2426000
24/03/1984,2412000
31/03/1984,2412000
07/04/1984,2425000
14/04/1984,2396000
21/04/1984,2433000
28/04/1984,2435000
05/05/1984,2430000
12/05/1984,2386000
19/05/1984,2401000
26/05/1984,2323000
02/06/1984,2379000
09/06/1984,2391000
16/06/1984,2364000
23/06/1984,2339000
30/06/1984,2329000
07/07/1984,2375000
14/07/1984,2371000
21/07/1984,2337000
28/07/1984,2329000
04/08/1984,2332000
11/08/1984,2390000
18/08/1984,2416000
25/08/1984,2405000
01/09/1984,2410000
08/09/1984,2435000
15/09/1984,2434000
22/09/1984,2421000
29/09/1984,2474000
06/10/1984,2455000
13/10/1984,2538000
20/10/1984,2529000
27/10/1984,2574000
03/11/1984,2578000
10/11/1984,2545000
17/11/1984,2645000
24/11/1984,2569000
01/12/1984,2529000
08/12/1984,2589000
15/12/1984,2594000
22/12/1984,2487000
29/12/1984,2536000
05/01/1985,2593000
12/01/1985,2543000
19/01/1985,2472000
26/01/1985,2601000
02/02/1985,2632000
09/02/1985,2608000
16/02/1985,2613000
23/02/1985,2641000
02/03/1985,2571000
09/03/1985,2591000
16/03/1985,2578000
23/03/1985,2556000
30/03/1985,2526000
06/04/1985,2569000
13/04/1985,2600000
20/04/1985,2584000
27/04/1985,2562000
04/05/1985,2582000
11/05/1985,2569000
18/05/1985,2547000
25/05/1985,2545000
01/06/1985,2591000
08/06/1985,2564000
15/06/1985,2549000
22/06/1985,2550000
29/06/1985,2505000
06/07/1985,2609000
13/07/1985,2519000
20/07/1985,2520000
27/07/1985,2522000
03/08/1985,2518000
10/08/1985,2565000
17/08/1985,2574000
24/08/1985,2561000
31/08/1985,2595000
07/09/1985,2596000
14/09/1985,2590000
21/09/1985,2513000
28/09/1985,2623000
05/10/1985,2657000
12/10/1985,2569000
19/10/1985,2644000
26/10/1985,2657000
02/11/1985,2673000
09/11/1985,2612000
16/11/1985,2618000
23/11/1985,2585000
30/11/1985,2638000
07/12/1985,2744000
14/12/1985,2680000
21/12/1985,2543000
28/12/1985,2608000
04/01/1986,2694000
11/01/1986,2636000
18/01/1986,2516000
25/01/1986,2570000
01/02/1986,2531000
08/02/1986,2548000
15/02/1986,2569000
22/02/1986,2626000
01/03/1986,2570000
08/03/1986,2603000
15/03/1986,2589000
22/03/1986,2592000
29/03/1986,2614000
05/04/1986,2625000
12/04/1986,2570000
19/04/1986,2613000
26/04/1986,2627000
03/05/1986,2670000
10/05/1986,2670000
17/05/1986,2669000
24/05/1986,2638000
31/05/1986,2708000
07/06/1986,2653000
14/06/1986,2644000
21/06/1986,2637000
28/06/1986,2606000
05/07/1986,2669000
12/07/1986,2552000
19/07/1986,2593000
26/07/1986,2618000
02/08/1986,2583000
09/08/1986,2686000
16/08/1986,2658000
23/08/1986,2687000
30/08/1986,2664000
06/09/1986,2756000
13/09/1986,2671000
20/09/1986,2703000
27/09/1986,2698000
04/10/1986,2780000
11/10/1986,2665000
18/10/1986,2723000
25/10/1986,2707000
01/11/1986,2646000
08/11/1986,2614000
15/11/1986,2653000
22/11/1986,2555000
29/11/1986,2686000
06/12/1986,2634000
13/12/1986,2587000
20/12/1986,2499000
27/12/1986,2565000
03/01/1987,2590000
10/01/1987,2508000
17/01/1987,2443000
24/01/1987,2506000
31/01/1987,2515000
07/02/1987,2496000
14/02/1987,2451000
21/02/1987,2481000
28/02/1987,2460000
07/03/1987,2456000
14/03/1987,2450000
21/03/1987,2401000
28/03/1987,2410000
04/04/1987,2482000
11/04/1987,2366000
18/04/1987,2410000
25/04/1987,2386000
02/05/1987,2302000
09/05/1987,2347000
16/05/1987,2326000
23/05/1987,2275000
30/05/1987,2370000
06/06/1987,2259000
13/06/1987,2278000
20/06/1987,2258000
27/06/1987,2321000
04/07/1987,2173000
11/07/1987,2155000
18/07/1987,2211000
25/07/1987,2247000
01/08/1987,2232000
08/08/1987,2263000
15/08/1987,2194000
22/08/1987,2190000
29/08/1987,2179000
05/09/1987,2125000
12/09/1987,2172000
19/09/1987,2351000
26/09/1987,2139000
03/10/1987,2151000
10/10/1987,2101000
17/10/1987,2074000
24/10/1987,1966000
31/10/1987,1942000
07/11/1987,2054000
14/11/1987,2109000
21/11/1987,2064000
28/11/1987,2102000
05/12/1987,2125000
12/12/1987,2092000
19/12/1987,2105000
26/12/1987,2140000
02/01/1988,2096000
09/01/1988,2231000
16/01/1988,2186000
23/01/1988,2214000
30/01/1988,2213000
06/02/1988,2180000
13/02/1988,2184000
20/02/1988,2091000
27/02/1988,2111000
05/03/1988,2147000
12/03/1988,2112000
19/03/1988,2112000
26/03/1988,2077000
02/04/1988,2086000
09/04/1988,2104000
16/04/1988,2072000
23/04/1988,2067000
30/04/1988,2077000
07/05/1988,2059000
14/05/1988,2068000
21/05/1988,2099000
28/05/1988,2045000
04/06/1988,2040000
11/06/1988,2068000
18/06/1988,2034000
25/06/1988,2030000
02/07/1988,2035000
09/07/1988,2027000
16/07/1988,2073000
23/07/1988,2083000
30/07/1988,2108000
06/08/1988,2101000
13/08/1988,2070000
20/08/1988,2099000
27/08/1988,2082000
03/09/1988,2091000
10/09/1988,2053000
17/09/1988,2106000
24/09/1988,2053000
01/10/1988,2041000
08/10/1988,2017000
15/10/1988,1994000
22/10/1988,2011000
29/10/1988,2015000
05/11/1988,1898000
12/11/1988,2011000
19/11/1988,1981000
26/11/1988,2023000
03/12/1988,2006000
10/12/1988,2013000
17/12/1988,2054000
24/12/1988,2061000
31/12/1988,2092000
07/01/1989,2056000
14/01/1989,2069000
21/01/1989,2048000
28/01/1989,2071000
04/02/1989,2074000
11/02/1989,2103000
18/02/1989,2111000
25/02/1989,2167000
04/03/1989,2110000
11/03/1989,2163000
18/03/1989,2108000
25/03/1989,2145000
01/04/1989,2117000
08/04/1989,2117000
15/04/1989,2092000
22/04/1989,2104000
29/04/1989,2064000
06/05/1989,2089000
13/05/1989,2144000
20/05/1989,2085000
27/05/1989,2056000
03/06/1989,2117000
10/06/1989,2110000
17/06/1989,2113000
24/06/1989,2151000
01/07/1989,2133000
08/07/1989,2207000
15/07/1989,2217000
22/07/1989,2159000
29/07/1989,2181000
05/08/1989,2236000
12/08/1989,2214000
19/08/1989,2195000
26/08/1989,2184000
02/09/1989,2199000
09/09/1989,2207000
16/09/1989,2169000
23/09/1989,2249000
30/09/1989,2220000
07/10/1989,2279000
14/10/1989,2293000
21/10/1989,2295000
28/10/1989,2257000
04/11/1989,2280000
11/11/1989,2271000
18/11/1989,2289000
25/11/1989,2300000
02/12/1989,2271000
09/12/1989,2265000
16/12/1989,2295000
23/12/1989,2292000
30/12/1989,2302000
06/01/1990,2347000
13/01/1990,2349000
20/01/1990,2407000
27/01/1990,2316000
03/02/1990,2364000
10/02/1990,2323000
17/02/1990,2382000
24/02/1990,2347000
03/03/1990,2385000
10/03/1990,2341000
17/03/1990,2384000
24/03/1990,2344000
31/03/1990,2365000
07/04/1990,2323000
14/04/1990,2410000
21/04/1990,2385000
28/04/1990,2403000
05/05/1990,2374000
12/05/1990,2374000
19/05/1990,2381000
26/05/1990,2431000
02/06/1990,2406000
09/06/1990,2438000
16/06/1990,2402000
23/06/1990,2431000
30/06/1990,2442000
07/07/1990,2487000
14/07/1990,2498000
21/07/1990,2441000
28/07/1990,2461000
04/08/1990,2460000
11/08/1990,2500000
18/08/1990,2537000
25/08/1990,2540000
01/09/1990,2579000
08/09/1990,2585000
15/09/1990,2591000
22/09/1990,2578000
29/09/1990,2644000
06/10/1990,2621000
13/10/1990,2753000
20/10/1990,2722000
27/10/1990,2787000
03/11/1990,2813000
10/11/1990,2789000
17/11/1990,2996000
24/11/1990,2955000
01/12/1990,2918000
08/12/1990,3000000
15/12/1990,2984000
22/12/1990,3001000
29/12/1990,2938000
05/01/1991,3062000
12/01/1991,3111000
19/01/1991,3017000
26/01/1991,3162000
02/02/1991,3228000
09/02/1991,3226000
16/02/1991,3293000
23/02/1991,3304000
02/03/1991,3357000
09/03/1991,3384000
16/03/1991,3448000
23/03/1991,3404000
30/03/1991,3502000
06/04/1991,3493000
13/04/1991,3464000
20/04/1991,3502000
27/04/1991,3474000
04/05/1991,3524000
11/05/1991,3492000
18/05/1991,3459000
25/05/1991,3472000
01/06/1991,3522000
08/06/1991,3439000
15/06/1991,3428000
22/06/1991,3389000
29/06/1991,3356000
06/07/1991,3393000
13/07/1991,3255000
20/07/1991,3276000
27/07/1991,3306000
03/08/1991,3307000
10/08/1991,3314000
17/08/1991,3282000
24/08/1991,3277000
31/08/1991,3279000
07/09/1991,3326000
14/09/1991,3275000
21/09/1991,3294000
28/09/1991,3290000
05/10/1991,3388000
12/10/1991,3237000
19/10/1991,3320000
26/10/1991,3299000
02/11/1991,3336000
09/11/1991,3328000
16/11/1991,3315000
23/11/1991,3226000
30/11/1991,3348000
07/12/1991,3388000
14/12/1991,3405000
21/12/1991,3264000
28/12/1991,3340000
04/01/1992,3410000
11/01/1992,3342000
18/01/1992,3297000
25/01/1992,3364000
01/02/1992,3301000
08/02/1992,3320000
15/02/1992,3260000
22/02/1992,3412000
29/02/1992,3280000
07/03/1992,3288000
14/03/1992,3280000
21/03/1992,3344000
28/03/1992,3336000
04/04/1992,3383000
11/04/1992,3288000
18/04/1992,3339000
25/04/1992,3365000
02/05/1992,3397000
09/05/1992,3354000
16/05/1992,3296000
23/05/1992,3285000
30/05/1992,3392000
06/06/1992,3265000
13/06/1992,3270000
20/06/1992,3284000
27/06/1992,3340000
04/07/1992,3212000
11/07/1992,3103000
18/07/1992,3238000
25/07/1992,3318000
01/08/1992,3467000
08/08/1992,3211000
15/08/1992,3210000
22/08/1992,3188000
29/08/1992,3175000
05/09/1992,3167000
12/09/1992,3261000
19/09/1992,3195000
26/09/1992,3194000
03/10/1992,3121000
10/10/1992,3072000
17/10/1992,3083000
24/10/1992,3063000
31/10/1992,2973000
07/11/1992,3017000
14/11/1992,2962000
21/11/1992,2906000
28/11/1992,2911000
05/12/1992,2918000
12/12/1992,2807000
19/12/1992,2770000
26/12/1992,2800000
02/01/1993,2729000
09/01/1993,2697000
16/01/1993,2749000
23/01/1993,2727000
30/01/1993,2663000
06/02/1993,2645000
13/02/1993,2628000
20/02/1993,2646000
27/02/1993,2645000
06/03/1993,2683000
13/03/1993,2618000
20/03/1993,2724000
27/03/1993,2725000
03/04/1993,2729000
10/04/1993,2781000
17/04/1993,2800000
24/04/1993,2792000
01/05/1993,2747000
08/05/1993,2820000
15/05/1993,2772000
22/05/1993,2816000
29/05/1993,2737000
05/06/1993,2808000
12/06/1993,2836000
19/06/1993,2857000
26/06/1993,2747000
03/07/1993,2724000
10/07/1993,2778000
17/07/1993,2766000
24/07/1993,2803000
31/07/1993,2843000
07/08/1993,2813000
14/08/1993,2791000
21/08/1993,2821000
28/08/1993,2788000
04/09/1993,2768000
11/09/1993,2844000
18/09/1993,2856000
25/09/1993,2836000
02/10/1993,2810000
09/10/1993,2799000
16/10/1993,2833000
23/10/1993,2882000
30/10/1993,2801000
06/11/1993,2833000
13/11/1993,2785000
20/11/1993,2801000
27/11/1993,2784000
04/12/1993,2802000
11/12/1993,2747000
18/12/1993,2780000
25/12/1993,2720000
01/01/1994,2633000
08/01/1994,2705000
15/01/1994,2634000
22/01/1994,2814000
29/01/1994,2762000
05/02/1994,2764000
12/02/1994,2861000
19/02/1994,2748000
26/02/1994,2797000
05/03/1994,2779000
12/03/1994,2783000
19/03/1994,2746000
26/03/1994,2710000
02/04/1994,2730000
09/04/1994,2773000
16/04/1994,2716000
23/04/1994,2695000
30/04/1994,2769000
07/05/1994,2726000
14/05/1994,2792000
21/05/1994,2766000
28/05/1994,2727000
04/06/1994,2740000
11/06/1994,2755000
18/06/1994,2698000
25/06/1994,2687000
02/07/1994,2672000
09/07/1994,2670000
16/07/1994,2680000
23/07/1994,2650000
30/07/1994,2626000
06/08/1994,2644000
13/08/1994,2639000
20/08/1994,2659000
27/08/1994,2648000
03/09/1994,2645000
10/09/1994,2633000
17/09/1994,2638000
24/09/1994,2601000
01/10/1994,2597000
08/10/1994,2561000
15/10/1994,2620000
22/10/1994,2556000
29/10/1994,2536000
05/11/1994,2538000
12/11/1994,2528000
19/11/1994,2533000
26/11/1994,2530000
03/12/1994,2513000
10/12/1994,2508000
17/12/1994,2557000
24/12/1994,2567000
31/12/1994,2499000
07/01/1995,2486000
14/01/1995,2559000
21/01/1995,2473000
28/01/1995,2532000
04/02/1995,2501000
11/02/1995,2515000
18/02/1995,2541000
25/02/1995,2533000
04/03/1995,2518000
11/03/1995,2564000
18/03/1995,2513000
25/03/1995,2530000
01/04/1995,2484000
08/04/1995,2500000
15/04/1995,2505000
22/04/1995,2569000
29/04/1995,2539000
06/05/1995,2535000
13/05/1995,2567000
20/05/1995,2616000
27/05/1995,2574000
03/06/1995,2608000
10/06/1995,2614000
17/06/1995,2603000
24/06/1995,2602000
01/07/1995,2596000
08/07/1995,2651000
15/07/1995,2677000
22/07/1995,2605000
29/07/1995,2585000
05/08/1995,2592000
12/08/1995,2612000
19/08/1995,2615000
26/08/1995,2610000
02/09/1995,2613000
09/09/1995,2636000
16/09/1995,2650000
23/09/1995,2626000
30/09/1995,2609000
07/10/1995,2651000
14/10/1995,2688000
21/10/1995,2640000
28/10/1995,2674000
04/11/1995,2649000
11/11/1995,2674000
18/11/1995,2653000
25/11/1995,2712000
02/12/1995,2623000
09/12/1995,2629000
16/12/1995,2631000
23/12/1995,2622000
30/12/1995,2558000
06/01/1996,2549000
13/01/1996,2702000
20/01/1996,2707000
27/01/1996,2637000
03/02/1996,2750000
10/02/1996,2672000
17/02/1996,2694000
24/02/1996,2655000
02/03/1996,2688000
09/03/1996,2647000
16/03/1996,2677000
23/03/1996,2738000
30/03/1996,2675000
06/04/1996,2648000
13/04/1996,2657000
20/04/1996,2620000
27/04/1996,2609000
04/05/1996,2602000
11/05/1996,2586000
18/05/1996,2584000
25/05/1996,2590000
01/06/1996,2553000
08/06/1996,2521000
15/06/1996,2560000
22/06/1996,2550000
29/06/1996,2556000
06/07/1996,2501000
13/07/1996,2495000
20/07/1996,2492000
27/07/1996,2472000
03/08/1996,2476000
10/08/1996,2492000
17/08/1996,2495000
24/08/1996,2493000
31/08/1996,2516000
07/09/1996,2443000
14/09/1996,2486000
21/09/1996,2484000
28/09/1996,2479000
05/10/1996,2496000
12/10/1996,2422000
19/10/1996,2449000
26/10/1996,2474000
02/11/1996,2452000
09/11/1996,2475000
16/11/1996,2406000
23/11/1996,2350000
30/11/1996,2460000
07/12/1996,2484000
14/12/1996,2464000
21/12/1996,2506000
28/12/1996,2497000
04/01/1997,2552000
11/01/1997,2473000
18/01/1997,2434000
25/01/1997,2492000
01/02/1997,2403000
08/02/1997,2436000
15/02/1997,2407000
22/02/1997,2414000
01/03/1997,2370000
08/03/1997,2371000
15/03/1997,2344000
22/03/1997,2322000
29/03/1997,2331000
05/04/1997,2359000
12/04/1997,2307000
19/04/1997,2304000
26/04/1997,2327000
03/05/1997,2339000
10/05/1997,2318000
17/05/1997,2276000
24/05/1997,2274000
31/05/1997,2307000
07/06/1997,2276000
14/06/1997,2265000
21/06/1997,2303000
28/06/1997,2338000
05/07/1997,2289000
12/07/1997,2262000
19/07/1997,2268000
26/07/1997,2259000
02/08/1997,2235000
09/08/1997,2270000
16/08/1997,2290000
23/08/1997,2283000
30/08/1997,2284000
06/09/1997,2265000
13/09/1997,2200000
20/09/1997,2241000
27/09/1997,2233000
04/10/1997,2239000
11/10/1997,2213000
18/10/1997,2182000
25/10/1997,2228000
01/11/1997,2201000
08/11/1997,2207000
15/11/1997,2209000
22/11/1997,2216000
29/11/1997,2242000
06/12/1997,2230000
13/12/1997,2231000
20/12/1997,2189000
27/12/1997,2291000
03/01/1998,2369000
10/01/1998,2291000
17/01/1998,2241000
24/01/1998,2275000
31/01/1998,2200000
07/02/1998,2253000
14/02/1998,2227000
21/02/1998,2208000
28/02/1998,2209000
07/03/1998,2208000
14/03/1998,2237000
21/03/1998,2227000
28/03/1998,2215000
04/04/1998,2166000
11/04/1998,2202000
18/04/1998,2210000
25/04/1998,2152000
02/05/1998,2135000
09/05/1998,2140000
16/05/1998,2118000
23/05/1998,2134000
30/05/1998,2146000
06/06/1998,2122000
13/06/1998,2159000
20/06/1998,2188000
27/06/1998,2388000
04/07/1998,2290000
11/07/1998,2323000
18/07/1998,2339000
25/07/1998,2383000
01/08/1998,2336000
08/08/1998,2258000
15/08/1998,2210000
22/08/1998,2202000
29/08/1998,2182000
05/09/1998,2160000
12/09/1998,2190000
19/09/1998,2114000
26/09/1998,2148000
03/10/1998,2156000
10/10/1998,2167000
17/10/1998,2168000
24/10/1998,2169000
31/10/1998,2162000
07/11/1998,2195000
14/11/1998,2177000
21/11/1998,2207000
28/11/1998,2236000
05/12/1998,2239000
12/12/1998,2205000
19/12/1998,2171000
26/12/1998,2266000
02/01/1999,2303000
09/01/1999,2289000
16/01/1999,2316000
23/01/1999,2269000
30/01/1999,2259000
06/02/1999,2253000
13/02/1999,2253000
20/02/1999,2237000
27/02/1999,2219000
06/03/1999,2238000
13/03/1999,2232000
20/03/1999,2247000
27/03/1999,2191000
03/04/1999,2280000
10/04/1999,2247000
17/04/1999,2230000
24/04/1999,2193000
01/05/1999,2226000
08/05/1999,2200000
15/05/1999,2232000
22/05/1999,2223000
29/05/1999,2191000
05/06/1999,2194000
12/06/1999,2215000
19/06/1999,2183000
26/06/1999,2177000
03/07/1999,2202000
10/07/1999,2171000
17/07/1999,2226000
24/07/1999,2203000
31/07/1999,2164000
07/08/1999,2192000
14/08/1999,2176000
21/08/1999,2185000
28/08/1999,2168000
04/09/1999,2157000
11/09/1999,2163000
18/09/1999,2170000
25/09/1999,2158000
02/10/1999,2139000
09/10/1999,2105000
16/10/1999,2102000
23/10/1999,2086000
30/10/1999,2082000
06/11/1999,2099000
13/11/1999,2035000
20/11/1999,2111000
27/11/1999,2098000
04/12/1999,2094000
11/12/1999,2070000
18/12/1999,2123000
25/12/1999,2102000
01/01/2000,2102000
08/01/2000,2107000
15/01/2000,2115000
22/01/2000,2061000
29/01/2000,2164000
05/02/2000,2160000
12/02/2000,2141000
19/02/2000,2132000
26/02/2000,2157000
04/03/2000,2098000
11/03/2000,2099000
18/03/2000,2051000
25/03/2000,2068000
01/04/2000,2026000
08/04/2000,2027000
15/04/2000,1962000
22/04/2000,2035000
29/04/2000,2027000
06/05/2000,1991000
13/05/2000,1982000
20/05/2000,1998000
27/05/2000,1987000
03/06/2000,2019000
10/06/2000,2020000
17/06/2000,2041000
24/06/2000,2033000
01/07/2000,2052000
08/07/2000,2099000
15/07/2000,2122000
22/07/2000,2070000
29/07/2000,2085000
05/08/2000,2096000
12/08/2000,2109000
19/08/2000,2145000
26/08/2000,2119000
02/09/2000,2169000
09/09/2000,2139000
16/09/2000,2115000
23/09/2000,2098000
30/09/2000,2077000
07/10/2000,2133000
14/10/2000,2124000
21/10/2000,2082000
28/10/2000,2126000
04/11/2000,2110000
11/11/2000,2161000
18/11/2000,2279000
25/11/2000,2295000
02/12/2000,2229000
09/12/2000,2263000
16/12/2000,2322000
23/12/2000,2340000
30/12/2000,2378000
06/01/2001,2357000
13/01/2001,2367000
20/01/2001,2419000
27/01/2001,2440000
03/02/2001,2489000
10/02/2001,2435000
17/02/2001,2516000
24/02/2001,2506000
03/03/2001,2558000
10/03/2001,2557000
17/03/2001,2605000
24/03/2001,2587000
31/03/2001,2620000
07/04/2001,2582000
14/04/2001,2742000
21/04/2001,2737000
28/04/2001,2728000
05/05/2001,2732000
12/05/2001,2800000
19/05/2001,2819000
26/05/2001,2926000
02/06/2001,2919000
09/06/2001,2948000
16/06/2001,2939000
23/06/2001,2972000
30/06/2001,2959000
07/07/2001,3063000
14/07/2001,3029000
21/07/2001,2975000
28/07/2001,3056000
04/08/2001,3079000
11/08/2001,3125000
18/08/2001,3113000
25/08/2001,3163000
01/09/2001,3213000
08/09/2001,3197000
15/09/2001,3214000
22/09/2001,3302000
29/09/2001,3385000
06/10/2001,3432000
13/10/2001,3521000
20/10/2001,3557000
27/10/2001,3600000
03/11/2001,3616000
10/11/2001,3627000
17/11/2001,3790000
24/11/2001,3593000
01/12/2001,3619000
08/12/2001,3626000
15/12/2001,3637000
22/12/2001,3591000
29/12/2001,3474000
05/01/2002,3587000
12/01/2002,3500000
19/01/2002,3557000
26/01/2002,3558000
02/02/2002,3537000
09/02/2002,3562000
16/02/2002,3580000
23/02/2002,3538000
02/03/2002,3567000
09/03/2002,3567000
16/03/2002,3598000
23/03/2002,3599000
30/03/2002,3723000
06/04/2002,3732000
13/04/2002,3650000
20/04/2002,3675000
27/04/2002,3700000
04/05/2002,3712000
11/05/2002,3729000
18/05/2002,3695000
25/05/2002,3712000
01/06/2002,3664000
08/06/2002,3681000
15/06/2002,3604000
22/06/2002,3639000
29/06/2002,3588000
06/07/2002,3554000
13/07/2002,3495000
20/07/2002,3473000
27/07/2002,3495000
03/08/2002,3498000
10/08/2002,3485000
17/08/2002,3531000
24/08/2002,3521000
31/08/2002,3549000
07/09/2002,3532000
14/09/2002,3554000
21/09/2002,3579000
28/09/2002,3555000
05/10/2002,3619000
12/10/2002,3529000
19/10/2002,3518000
26/10/2002,3557000
02/11/2002,3557000
09/11/2002,3539000
16/11/2002,3438000
23/11/2002,3474000
30/11/2002,3404000
07/12/2002,3537000
14/12/2002,3497000
21/12/2002,3435000
28/12/2002,3462000
04/01/2003,3438000
11/01/2003,3388000
18/01/2003,3357000
25/01/2003,3475000
01/02/2003,3368000
08/02/2003,3457000
15/02/2003,3423000
22/02/2003,3500000
01/03/2003,3496000
08/03/2003,3559000
15/03/2003,3528000
22/03/2003,3585000
29/03/2003,3536000
05/04/2003,3583000
12/04/2003,3586000
19/04/2003,3674000
26/04/2003,3676000
03/05/2003,3730000
10/05/2003,3704000
17/05/2003,3716000
24/05/2003,3672000
31/05/2003,3774000
07/06/2003,3682000
14/06/2003,3695000
21/06/2003,3692000
28/06/2003,3737000
05/07/2003,3627000
12/07/2003,3599000
19/07/2003,3592000
26/07/2003,3647000
02/08/2003,3601000
09/08/2003,3596000
16/08/2003,3603000
23/08/2003,3574000
30/08/2003,3608000
06/09/2003,3598000
13/09/2003,3559000
20/09/2003,3588000
27/09/2003,3558000
04/10/2003,3570000
11/10/2003,3468000
18/10/2003,3466000
25/10/2003,3441000
01/11/2003,3427000
08/11/2003,3441000
15/11/2003,3331000
22/11/2003,3337000
29/11/2003,3331000
06/12/2003,3318000
13/12/2003,3251000
20/12/2003,3254000
27/12/2003,3258000
03/01/2004,3188000
10/01/2004,3154000
17/01/2004,3139000
24/01/2004,3142000
31/01/2004,3118000
07/02/2004,3179000
14/02/2004,3131000
21/02/2004,3092000
28/02/2004,3057000
06/03/2004,3072000
13/03/2004,3040000
20/03/2004,3066000
27/03/2004,3007000
03/04/2004,2990000
10/04/2004,3022000
17/04/2004,3031000
24/04/2004,2960000
01/05/2004,2998000
08/05/2004,2978000
15/05/2004,2976000
22/05/2004,3010000
29/05/2004,2916000
05/06/2004,2923000
12/06/2004,2990000
19/06/2004,2973000
26/06/2004,2917000
03/07/2004,2948000
10/07/2004,2852000
17/07/2004,2956000
24/07/2004,2935000
31/07/2004,2894000
07/08/2004,2920000
14/08/2004,2889000
21/08/2004,2877000
28/08/2004,2880000
04/09/2004,2872000
11/09/2004,2875000
18/09/2004,2865000
25/09/2004,2839000
02/10/2004,2799000
09/10/2004,2773000
16/10/2004,2781000
23/10/2004,2774000
30/10/2004,2763000
06/11/2004,2765000
13/11/2004,2707000
20/11/2004,2705000
27/11/2004,2761000
04/12/2004,2725000
11/12/2004,2692000
18/12/2004,2688000
25/12/2004,2771000
01/01/2005,2672000
08/01/2005,2720000
15/01/2005,2790000
22/01/2005,2706000
29/01/2005,2731000
05/02/2005,2710000
12/02/2005,2666000
19/02/2005,2667000
26/02/2005,2703000
05/03/2005,2658000
12/03/2005,2681000
19/03/2005,2616000
26/03/2005,2683000
02/04/2005,2653000
09/04/2005,2626000
16/04/2005,2559000
23/04/2005,2588000
30/04/2005,2596000
07/05/2005,2605000
14/05/2005,2568000
21/05/2005,2595000
28/05/2005,2577000
04/06/2005,2630000
11/06/2005,2599000
18/06/2005,2602000
25/06/2005,2569000
02/07/2005,2612000
09/07/2005,2583000
16/07/2005,2619000
23/07/2005,2592000
30/07/2005,2570000
06/08/2005,2584000
13/08/2005,2573000
20/08/2005,2598000
27/08/2005,2568000
03/09/2005,2575000
10/09/2005,2651000
17/09/2005,2787000
24/09/2005,2853000
01/10/2005,2841000
08/10/2005,2831000
15/10/2005,2821000
22/10/2005,2772000
29/10/2005,2752000
05/11/2005,2746000
12/11/2005,2760000
19/11/2005,2712000
26/11/2005,2587000
03/12/2005,2589000
10/12/2005,2620000
17/12/2005,2660000
24/12/2005,2668000
31/12/2005,2660000
07/01/2006,2561000
14/01/2006,2586000
21/01/2006,2516000
28/01/2006,2565000
04/02/2006,2520000
11/02/2006,2517000
18/02/2006,2488000
25/02/2006,2504000
04/03/2006,2453000
11/03/2006,2474000
18/03/2006,2456000
25/03/2006,2439000
01/04/2006,2405000
08/04/2006,2411000
15/04/2006,2408000
22/04/2006,2424000
29/04/2006,2357000
06/05/2006,2372000
13/05/2006,2383000
20/05/2006,2399000
27/05/2006,2381000
03/06/2006,2408000
10/06/2006,2412000
17/06/2006,2395000
24/06/2006,2419000
01/07/2006,2399000
08/07/2006,2491000
15/07/2006,2475000
22/07/2006,2422000
29/07/2006,2460000
05/08/2006,2477000
12/08/2006,2467000
19/08/2006,2464000
26/08/2006,2457000
02/09/2006,2467000
09/09/2006,2449000
16/09/2006,2438000
23/09/2006,2440000
30/09/2006,2437000
07/10/2006,2449000
14/10/2006,2459000
21/10/2006,2428000
28/10/2006,2449000
04/11/2006,2414000
11/11/2006,2467000
18/11/2006,2506000
25/11/2006,2517000
02/12/2006,2472000
09/12/2006,2517000
16/12/2006,2513000
23/12/2006,2449000
30/12/2006,2455000
06/01/2007,2518000
13/01/2007,2507000
20/01/2007,2552000
27/01/2007,2520000
03/02/2007,2575000
10/02/2007,2527000
17/02/2007,2626000
24/02/2007,2549000
03/03/2007,2581000
10/03/2007,2511000
17/03/2007,2515000
24/03/2007,2489000
31/03/2007,2499000
07/04/2007,2497000
14/04/2007,2538000
21/04/2007,2463000
28/04/2007,2486000
05/05/2007,2429000
12/05/2007,2465000
19/05/2007,2417000
26/05/2007,2480000
02/06/2007,2452000
09/06/2007,2484000
16/06/2007,2453000
23/06/2007,2520000
30/06/2007,2501000
07/07/2007,2563000
14/07/2007,2555000
21/07/2007,2514000
28/07/2007,2537000
04/08/2007,2531000
11/08/2007,2556000
18/08/2007,2556000
25/08/2007,2569000
01/09/2007,2565000
08/09/2007,2537000
15/09/2007,2536000
22/09/2007,2530000
29/09/2007,2518000
06/10/2007,2521000
13/10/2007,2541000
20/10/2007,2598000
27/10/2007,2587000
03/11/2007,2617000
10/11/2007,2607000
17/11/2007,2609000
24/11/2007,2634000
01/12/2007,2639000
08/12/2007,2672000
15/12/2007,2737000
22/12/2007,2752000
29/12/2007,2760000
05/01/2008,2828000
12/01/2008,2752000
19/01/2008,2770000
26/01/2008,2845000
02/02/2008,2810000
09/02/2008,2846000
16/02/2008,2837000
23/02/2008,2884000
01/03/2008,2867000
08/03/2008,2895000
15/03/2008,2897000
22/03/2008,2938000
29/03/2008,2967000
05/04/2008,2969000
12/04/2008,2937000
19/04/2008,2964000
26/04/2008,2986000
03/05/2008,2993000
10/05/2008,2997000
17/05/2008,3016000
24/05/2008,3007000
31/05/2008,3055000
07/06/2008,3010000
14/06/2008,3057000
21/06/2008,3054000
28/06/2008,3110000
05/07/2008,3113000
12/07/2008,3104000
19/07/2008,3227000
26/07/2008,3261000
02/08/2008,3330000
09/08/2008,3327000
16/08/2008,3385000
23/08/2008,3384000
30/08/2008,3464000
06/09/2008,3420000
13/09/2008,3493000
20/09/2008,3551000
27/09/2008,3623000
04/10/2008,3676000
11/10/2008,3696000
18/10/2008,3729000
25/10/2008,3823000
01/11/2008,3928000
08/11/2008,4011000
15/11/2008,4002000
22/11/2008,4095000
29/11/2008,4447000
06/12/2008,4417000
13/12/2008,4445000
20/12/2008,4548000
27/12/2008,4679000
03/01/2009,4692000
10/01/2009,4760000
17/01/2009,4864000
24/01/2009,4980000
31/01/2009,5010000
07/02/2009,5157000
14/02/2009,5279000
21/02/2009,5307000
28/02/2009,5445000
07/03/2009,5600000
14/03/2009,5699000
21/03/2009,5829000
28/03/2009,5935000
04/04/2009,6044000
11/04/2009,6130000
18/04/2009,6264000
25/04/2009,6300000
02/05/2009,6416000
09/05/2009,6516000
16/05/2009,6539000
23/05/2009,6522000
30/05/2009,6635000
06/06/2009,6506000
13/06/2009,6525000
20/06/2009,6488000
27/06/2009,6618000
04/07/2009,6145000
11/07/2009,6136000
18/07/2009,6118000
25/07/2009,6157000
01/08/2009,6111000
08/08/2009,6090000
15/08/2009,6008000
22/08/2009,6060000
29/08/2009,5970000
05/09/2009,6079000
12/09/2009,6006000
19/09/2009,5942000
26/09/2009,5912000
03/10/2009,5900000
10/10/2009,5828000
17/10/2009,5746000
24/10/2009,5705000
31/10/2009,5649000
07/11/2009,5568000
14/11/2009,5462000
21/11/2009,5489000
28/11/2009,5323000
05/12/2009,5289000
12/12/2009,5191000
19/12/2009,5100000
26/12/2009,4987000
02/01/2010,4870000
09/01/2010,4879000
16/01/2010,4809000
23/01/2010,4841000
30/01/2010,4796000
06/02/2010,4838000
13/02/2010,4815000
20/02/2010,4767000
27/02/2010,4755000
06/03/2010,4766000
13/03/2010,4750000
20/03/2010,4743000
27/03/2010,4668000
03/04/2010,4755000
10/04/2010,4746000
17/04/2010,4721000
24/04/2010,4690000
01/05/2010,4695000
08/05/2010,4707000
15/05/2010,4688000
22/05/2010,4731000
29/05/2010,4553000
05/06/2010,4624000
12/06/2010,4606000
19/06/2010,4619000
26/06/2010,4484000
03/07/2010,4620000
10/07/2010,4482000
17/07/2010,4545000
24/07/2010,4529000
31/07/2010,4467000
07/08/2010,4478000
14/08/2010,4432000
21/08/2010,4426000
28/08/2010,4509000
04/09/2010,4501000
11/09/2010,4487000
18/09/2010,4452000
25/09/2010,4431000
02/10/2010,4407000
09/10/2010,4403000
16/10/2010,4348000
23/10/2010,4331000
30/10/2010,4328000
06/11/2010,4270000
13/11/2010,4176000
20/11/2010,4218000
27/11/2010,4118000
04/12/2010,4137000
11/12/2010,4062000
18/12/2010,4113000
25/12/2010,4088000
01/01/2011,3898000
08/01/2011,3907000
15/01/2011,3974000
22/01/2011,3926000
29/01/2011,3887000
05/02/2011,3928000
12/02/2011,3839000
19/02/2011,3821000
26/02/2011,3809000
05/03/2011,3772000
12/03/2011,3772000
19/03/2011,3752000
26/03/2011,3766000
02/04/2011,3756000
09/04/2011,3751000
16/04/2011,3717000
23/04/2011,3796000
30/04/2011,3834000
07/05/2011,3787000
14/05/2011,3781000
21/05/2011,3799000
28/05/2011,3728000
04/06/2011,3750000
11/06/2011,3746000
18/06/2011,3752000
25/06/2011,3719000
02/07/2011,3733000
09/07/2011,3724000
16/07/2011,3734000
23/07/2011,3741000
30/07/2011,3676000
06/08/2011,3709000
13/08/2011,3717000
20/08/2011,3715000
27/08/2011,3723000
03/09/2011,3759000
10/09/2011,3758000
17/09/2011,3747000
24/09/2011,3707000
01/10/2011,3697000
08/10/2011,3731000
15/10/2011,3704000
22/10/2011,3699000
29/10/2011,3677000
05/11/2011,3603000
12/11/2011,3676000
19/11/2011,3739000
26/11/2011,3592000
03/12/2011,3595000
10/12/2011,3543000
17/12/2011,3588000
24/12/2011,3575000
31/12/2011,3566000
07/01/2012,3421000
14/01/2012,3511000
21/01/2012,3419000
28/01/2012,3454000
04/02/2012,3391000
11/02/2012,3362000
18/02/2012,3382000
25/02/2012,3392000
03/03/2012,3367000
10/03/2012,3353000
17/03/2012,3342000
24/03/2012,3336000
31/03/2012,3286000
07/04/2012,3325000
14/04/2012,3355000
21/04/2012,3316000
28/04/2012,3296000
05/05/2012,3326000
12/05/2012,3334000
19/05/2012,3301000
26/05/2012,3351000
02/06/2012,3327000
09/06/2012,3343000
16/06/2012,3323000
23/06/2012,3325000
30/06/2012,3304000
07/07/2012,3314000
14/07/2012,3307000
21/07/2012,3290000
28/07/2012,3312000
04/08/2012,3302000
11/08/2012,3296000
18/08/2012,3306000
25/08/2012,3321000
01/09/2012,3327000
08/09/2012,3312000
15/09/2012,3316000
22/09/2012,3308000
29/09/2012,3309000
06/10/2012,3295000
13/10/2012,3302000
20/10/2012,3285000
27/10/2012,3223000
03/11/2012,3368000
10/11/2012,3364000
17/11/2012,3325000
24/11/2012,3248000
01/12/2012,3195000
08/12/2012,3229000
15/12/2012,3179000
22/12/2012,3221000
29/12/2012,3127000
05/01/2013,3147000
12/01/2013,3108000
19/01/2013,3138000
26/01/2013,3138000
02/02/2013,3075000
09/02/2013,3081000
16/02/2013,3036000
23/02/2013,3043000
02/03/2013,3011000
09/03/2013,3024000
16/03/2013,3028000
23/03/2013,3046000
30/03/2013,3080000
06/04/2013,3076000
13/04/2013,3024000
20/04/2013,3027000
27/04/2013,3039000
04/05/2013,3042000
11/05/2013,2975000
18/05/2013,3020000
25/05/2013,3012000
01/06/2013,2999000
08/06/2013,3004000
15/06/2013,2996000
22/06/2013,2962000
29/06/2013,3003000
06/07/2013,3113000
13/07/2013,3011000
20/07/2013,2947000
27/07/2013,3010000
03/08/2013,2944000
10/08/2013,2987000
17/08/2013,2968000
24/08/2013,2934000
31/08/2013,2839000
07/09/2013,2822000
14/09/2013,2863000
21/09/2013,2954000
28/09/2013,2944000
05/10/2013,2929000
12/10/2013,2925000
19/10/2013,2933000
26/10/2013,2927000
02/11/2013,2873000
09/11/2013,2925000
16/11/2013,2837000
23/11/2013,2813000
30/11/2013,2808000
07/12/2013,2892000
14/12/2013,2903000
21/12/2013,2832000
28/12/2013,2807000
04/01/2014,2903000
11/01/2014,2907000
18/01/2014,2847000
25/01/2014,2850000
01/02/2014,2852000
08/02/2014,2859000
15/02/2014,2861000
22/02/2014,2823000
01/03/2014,2787000
08/03/2014,2816000
15/03/2014,2764000
22/03/2014,2800000
29/03/2014,2729000
05/04/2014,2730000
12/04/2014,2680000
19/04/2014,2767000
26/04/2014,2707000
03/05/2014,2702000
10/05/2014,2691000
17/05/2014,2657000
24/05/2014,2646000
31/05/2014,2641000
07/06/2014,2598000
14/06/2014,2595000
21/06/2014,2583000
28/06/2014,2579000
05/07/2014,2540000
12/07/2014,2528000
19/07/2014,2542000
26/07/2014,2524000
02/08/2014,2530000
09/08/2014,2508000
16/08/2014,2517000
23/08/2014,2483000
30/08/2014,2486000
06/09/2014,2452000
13/09/2014,2465000
20/09/2014,2447000
27/09/2014,2427000
04/10/2014,2441000
11/10/2014,2409000
18/10/2014,2437000
25/10/2014,2406000
01/11/2014,2436000
08/11/2014,2384000
15/11/2014,2351000
22/11/2014,2389000
29/11/2014,2484000
06/12/2014,2381000
13/12/2014,2379000
20/12/2014,2338000
27/12/2014,2422000
03/01/2015,2381000
10/01/2015,2400000
17/01/2015,2336000
24/01/2015,2335000
31/01/2015,2297000
07/02/2015,2344000
14/02/2015,2319000
21/02/2015,2341000
28/02/2015,2357000
07/03/2015,2361000
14/03/2015,2361000
21/03/2015,2306000
28/03/2015,2278000
04/04/2015,2273000
11/04/2015,2320000
18/04/2015,2279000
25/04/2015,2254000
02/05/2015,2261000
09/05/2015,2253000
16/05/2015,2258000
23/05/2015,2236000
30/05/2015,2294000
06/06/2015,2250000
13/06/2015,2268000
20/06/2015,2265000
27/06/2015,2312000
04/07/2015,2233000
11/07/2015,2226000
18/07/2015,2267000
25/07/2015,2253000
01/08/2015,2257000
08/08/2015,2247000
15/08/2015,2256000
22/08/2015,2252000
29/08/2015,2258000
05/09/2015,2243000
12/09/2015,2255000
19/09/2015,2234000
26/09/2015,2240000
03/10/2015,2207000
10/10/2015,2214000
17/10/2015,2194000
24/10/2015,2218000
31/10/2015,2205000
07/11/2015,2209000
14/11/2015,2185000
21/11/2015,2181000
28/11/2015,2259000
05/12/2015,2242000
12/12/2015,2190000
19/12/2015,2176000
26/12/2015,2207000
02/01/2016,2218000
09/01/2016,2190000
16/01/2016,2221000
23/01/2016,2199000
30/01/2016,2210000
06/02/2016,2213000
13/02/2016,2206000
20/02/2016,2203000
27/02/2016,2180000
05/03/2016,2203000
12/03/2016,2163000
19/03/2016,2138000
26/03/2016,2165000
02/04/2016,2151000
09/04/2016,2139000
16/04/2016,2135000
23/04/2016,2137000
30/04/2016,2183000
07/05/2016,2185000
14/05/2016,2177000
21/05/2016,2186000
28/05/2016,2131000
04/06/2016,2170000
11/06/2016,2158000
18/06/2016,2160000
25/06/2016,2139000
02/07/2016,2131000
09/07/2016,2125000
16/07/2016,2140000
23/07/2016,2134000
30/07/2016,2143000
06/08/2016,2157000
13/08/2016,2137000
20/08/2016,2148000
27/08/2016,2138000
03/09/2016,2149000
10/09/2016,2110000
17/09/2016,2098000
24/09/2016,2081000
01/10/2016,2080000
08/10/2016,2081000
15/10/2016,2069000
22/10/2016,2066000
29/10/2016,2067000
05/11/2016,2046000
12/11/2016,2045000
19/11/2016,2050000
26/11/2016,2038000
03/12/2016,2029000
10/12/2016,2030000
17/12/2016,2078000
24/12/2016,2077000
31/12/2016,2028000
07/01/2017,2080000
14/01/2017,2099000
21/01/2017,2067000
28/01/2017,2078000
04/02/2017,2064000
11/02/2017,2076000
18/02/2017,2034000
25/02/2017,2065000
04/03/2017,2020000
11/03/2017,2002000
18/03/2017,2021000
25/03/2017,2027000
01/04/2017,1990000
08/04/2017,1968000
15/04/2017,1961000
22/04/2017,1962000
29/04/2017,1896000
06/05/2017,1892000
13/05/2017,1902000
20/05/2017,1900000
27/05/2017,1891000
03/06/2017,1909000
10/06/2017,1914000
17/06/2017,1915000
24/06/2017,1929000
01/07/2017,1911000
08/07/2017,1942000
15/07/2017,1929000
22/07/2017,1928000
29/07/2017,1926000
05/08/2017,1928000
12/08/2017,1926000
19/08/2017,1928000
26/08/2017,1912000
02/09/2017,1911000
09/09/2017,1939000
16/09/2017,1872000
23/09/2017,1871000
30/09/2017,1871000
07/10/2017,1869000
14/10/2017,1902000
21/10/2017,1913000
28/10/2017,1927000
04/11/2017,1939000
11/11/2017,1944000
18/11/2017,1974000
25/11/2017,1997000
02/12/2017,1953000
09/12/2017,1984000
16/12/2017,2006000
23/12/2017,1979000
30/12/2017,1933000
06/01/2018,1971000
13/01/2018,1972000
20/01/2018,1990000
27/01/2018,1985000
03/02/2018,1996000
10/02/2018,1959000
17/02/2018,1985000
24/02/2018,1957000
03/03/2018,1960000
10/03/2018,1948000
17/03/2018,1959000
24/03/2018,1917000
31/03/2018,1943000
07/04/2018,1949000
14/04/2018,1900000
21/04/2018,1827000
28/04/2018,1834000
05/05/2018,1765000
12/05/2018,1769000
19/05/2018,1751000
26/05/2018,1737000
02/06/2018,1690000
09/06/2018,1693000
16/06/2018,1671000
23/06/2018,1671000
30/06/2018,1672000
07/07/2018,1676000
14/07/2018,1659000
21/07/2018,1624000
28/07/2018,1657000
04/08/2018,1624000
11/08/2018,1625000
18/08/2018,1605000
25/08/2018,1602000
01/09/2018,1575000
08/09/2018,1538000
15/09/2018,1544000
22/09/2018,1545000
29/09/2018,1553000
06/10/2018,1565000
13/10/2018,1588000
20/10/2018,1603000
27/10/2018,1615000
03/11/2018,1642000
10/11/2018,1665000
17/11/2018,1749000
24/11/2018,1684000
01/12/2018,1694000
08/12/2018,1745000
15/12/2018,1756000
22/12/2018,1770000
29/12/2018,1783000
05/01/2019,1794000
12/01/2019,1790000
19/01/2019,1830000
26/01/2019,1826000
02/02/2019,1868000
09/02/2019,1838000
16/02/2019,1898000
23/02/2019,1878000
02/03/2019,1890000
09/03/2019,1891000
16/03/2019,1894000
23/03/2019,1855000
30/03/2019,1823000
06/04/2019,1771000
13/04/2019,1753000
20/04/2019,1746000
27/04/2019,1745000
04/05/2019,1710000
11/05/2019,1711000
18/05/2019,1683000
25/05/2019,1681000
01/06/2019,1661000
08/06/2019,1625000
15/06/2019,1632000
22/06/2019,1603000
29/06/2019,1634000
06/07/2019,1594000
13/07/2019,1578000
20/07/2019,1560000
27/07/2019,1573000
03/08/2019,1586000
10/08/2019,1554000
17/08/2019,1557000
24/08/2019,1538000
31/08/2019,1508000
07/09/2019,1508000
14/09/2019,1479000
21/09/2019,1497000
28/09/2019,1537000
05/10/2019,1558000
12/10/2019,1589000
19/10/2019,1630000
26/10/2019,1646000
02/11/2019,1652000
09/11/2019,1693000
16/11/2019,1696000
23/11/2019,1738000
30/11/2019,1748000
07/12/2019,1787000
14/12/2019,1797000
21/12/2019,1791000
28/12/2019,1899000
04/01/2020,1879000
11/01/2020,1855000
18/01/2020,1823000
25/01/2020,1897000
01/02/2020,1848000
08/02/2020,1879000
15/02/2020,1878000
22/02/2020,1890000
29/02/2020,1886000
07/03/2020,1887000
14/03/2020,1989000
21/03/2020,3238000
28/03/2020,8004000
04/04/2020,12396000
11/04/2020,16193000
18/04/2020,17789000
25/04/2020,21750000
02/05/2020,20939000
09/05/2020,23130000
16/05/2020,19153000
23/05/2020,19194000
30/05/2020,19216000
06/06/2020,18743000
13/06/2020,17860000
20/06/2020,17501000
27/06/2020,16610000
04/07/2020,17273000
11/07/2020,16251000
18/07/2020,16799000
25/07/2020,15929000
01/08/2020,15255000
08/08/2020,14184000
15/08/2020,13910000
22/08/2020,13217000
29/08/2020,13501000
05/09/2020,12765000
12/09/2020,12684000
19/09/2020,11367000
26/09/2020,10481000
03/10/2020,9270000
10/10/2020,8425000
17/10/2020,7777000
24/10/2020,7180000
31/10/2020,6705000
07/11/2020,6341000
14/11/2020,6088000
21/11/2020,5580000
28/11/2020,5784000
05/12/2020,5609000
12/12/2020,5416000
19/12/2020,5332000
26/12/2020,5181000
02/01/2021,5330000
09/01/2021,5069000
16/01/2021,4877000
23/01/2021,4789000
30/01/2021,4658000
06/02/2021,4599000
13/02/2021,4495000
20/02/2021,4406000
27/02/2021,4227000
06/03/2021,4185000
13/03/2021,3970000
20/03/2021,3887000
27/03/2021,3859000
03/04/2021,3830000
10/04/2021,3779000
17/04/2021,3776000
24/04/2021,3767000
01/05/2021,3756000
08/05/2021,3737000
15/05/2021,3618000
22/05/2021,3575000
29/05/2021,3422000
05/06/2021,3350000
12/06/2021,3268000
19/06/2021,3263000
26/06/2021,3176000
03/07/2021,3049000
10/07/2021,3001000
17/07/2021,2959000
24/07/2021,2721000
31/07/2021,2631000
07/08/2021,2657000
14/08/2021,2627000
21/08/2021,2580000
28/08/2021,2558000
04/09/2021,2430000
11/09/2021,2523000
18/09/2021,2602000
25/09/2021,2532000
02/10/2021,2497000
09/10/2021,2431000
16/10/2021,2250000
23/10/2021,2175000
30/10/2021,2209000
06/11/2021,2101000
13/11/2021,2007000
20/11/2021,1902000
27/11/2021,1964000
04/12/2021,1854000
11/12/2021,1833000
18/12/2021,1701000
25/12/2021,1778000
01/01/2022,1765000
08/01/2022,1793000
15/01/2022,1794000
22/01/2022,1777000
29/01/2022,1761000
05/02/2022,1753000
12/02/2022,1703000
19/02/2022,1692000
26/02/2022,1740000
05/03/2022,1689000
12/03/2022,1661000
19/03/2022,1631000
26/03/2022,1633000
02/04/2022,1590000
09/04/2022,1527000
16/04/2022,1521000
23/04/2022,1498000
30/04/2022,1457000
07/05/2022,1434000
14/05/2022,1432000
21/05/2022,1399000
28/05/2022,1382000
04/06/2022,1359000
11/06/2022,1350000
18/06/2022,1340000
25/06/2022,1354000
02/07/2022,1314000
09/07/2022,1341000
16/07/2022,1317000
23/07/2022,1350000
30/07/2022,1352000
06/08/2022,1350000
13/08/2022,1329000
20/08/2022,1343000
27/08/2022,1316000
03/09/2022,1302000
10/09/2022,1289000
17/09/2022,1290000
24/09/2022,1302000
01/10/2022,1325000
08/10/2022,1346000
15/10/2022,1391000
22/10/2022,1432000
29/10/2022,1439000
05/11/2022,1454000
12/11/2022,1484000
19/11/2022,1554000
26/11/2022,1558000
03/12/2022,1601000
10/12/2022,1601000
17/12/2022,1627000
24/12/2022,1650000
31/12/2022,1645000
07/01/2023,1634000
14/01/2023,1658000
21/01/2023,1660000
28/01/2023,1688000
04/02/2023,1723000
11/02/2023,1714000
18/02/2023,1718000
25/02/2023,1781000
04/03/2023,1772000
11/03/2023,1804000
18/03/2023,1817000
25/03/2023,1823000
01/04/2023,1804000
08/04/2023,1861000
15/04/2023,1858000
