DATE,inflation
01/01/1914,2
01/02/1914,1
01/03/1914,1
01/04/1914,0
01/05/1914,2.1
01/06/1914,1
01/07/1914,1
01/08/1914,3
01/09/1914,2
01/10/1914,1
01/11/1914,1
01/12/1914,1
01/01/1915,1
01/02/1915,1
01/03/1915,0
01/04/1915,2
01/05/1915,2
01/06/1915,2
01/07/1915,1
01/08/1915,-1
01/09/1915,-1
01/10/1915,1
01/11/1915,1
01/12/1915,2
01/01/1916,3
01/02/1916,4
01/03/1916,6.1
01/04/1916,6
01/05/1916,5.9
01/06/1916,6.9
01/07/1916,6.9
01/08/1916,7.9
01/09/1916,9.9
01/10/1916,10.8
01/11/1916,11.7
01/12/1916,12.6
01/01/1917,12.5
01/02/1917,15.4
01/03/1917,14.3
01/04/1917,18.9
01/05/1917,19.6
01/06/1917,20.4
01/07/1917,18.5
01/08/1917,19.3
01/09/1917,19.8
01/10/1917,19.5
01/11/1917,17.4
01/12/1917,18.1
01/01/1918,19.7
01/02/1918,17.5
01/03/1918,16.7
01/04/1918,12.7
01/05/1918,13.3
01/06/1918,13.1
01/07/1918,18
01/08/1918,18.5
01/09/1918,18
01/10/1918,18.5
01/11/1918,20.7
01/12/1918,20.4
01/01/1919,17.9
01/02/1919,14.9
01/03/1919,17.1
01/04/1919,17.6
01/05/1919,16.6
01/06/1919,15
01/07/1919,15.2
01/08/1919,14.9
01/09/1919,13.4
01/10/1919,13.1
01/11/1919,13.5
01/12/1919,14.5
01/01/1920,17
01/02/1920,20.4
01/03/1920,20.1
01/04/1920,21.6
01/05/1920,21.9
01/06/1920,23.7
01/07/1920,19.5
01/08/1920,14.7
01/09/1920,12.4
01/10/1920,9.9
01/11/1920,7
01/12/1920,2.6
01/01/1921,-1.6
01/02/1921,-5.6
01/03/1921,-7.1
01/04/1921,-10.8
01/05/1921,-14.1
01/06/1921,-15.8
01/07/1921,-14.9
01/08/1921,-12.8
01/09/1921,-12.5
01/10/1921,-12.1
01/11/1921,-12.1
01/12/1921,-10.8
01/01/1922,-11.1
01/02/1922,-8.2
01/03/1922,-8.7
01/04/1922,-7.7
01/05/1922,-5.6
01/06/1922,-5.1
01/07/1922,-5.1
01/08/1922,-6.2
01/09/1922,-5.1
01/10/1922,-4.6
01/11/1922,-3.4
01/12/1922,-2.3
01/01/1923,-0.6
01/02/1923,-0.6
01/03/1923,0.6
01/04/1923,1.2
01/05/1923,1.2
01/06/1923,1.8
01/07/1923,2.4
01/08/1923,3
01/09/1923,3.6
01/10/1923,3.6
01/11/1923,3
01/12/1923,2.4
01/01/1924,3
01/02/1924,2.4
01/03/1924,1.8
01/04/1924,0.6
01/05/1924,0.6
01/06/1924,0
01/07/1924,-0.6
01/08/1924,-0.6
01/09/1924,-0.6
01/10/1924,-0.6
01/11/1924,-0.6
01/12/1924,0
01/01/1925,0
01/02/1925,0
01/03/1925,1.2
01/04/1925,1.2
01/05/1925,1.8
01/06/1925,2.9
01/07/1925,3.5
01/08/1925,4.1
01/09/1925,3.5
01/10/1925,2.9
01/11/1925,4.7
01/12/1925,3.5
01/01/1926,3.5
01/02/1926,4.1
01/03/1926,2.9
01/04/1926,4.1
01/05/1926,2.9
01/06/1926,1.1
01/07/1926,-1.1
01/08/1926,-1.7
01/09/1926,-1.1
01/10/1926,-0.6
01/11/1926,-1.7
01/12/1926,-1.1
01/01/1927,-2.2
01/02/1927,-2.8
01/03/1927,-2.8
01/04/1927,-3.4
01/05/1927,-2.2
01/06/1927,-0.6
01/07/1927,-1.1
01/08/1927,-1.1
01/09/1927,-1.1
01/10/1927,-1.1
01/11/1927,-2.3
01/12/1927,-2.3
01/01/1928,-1.1
01/02/1928,-1.7
01/03/1928,-1.2
01/04/1928,-1.2
01/05/1928,-1.1
01/06/1928,-2.8
01/07/1928,-1.2
01/08/1928,-0.6
01/09/1928,0
01/10/1928,-1.1
01/11/1928,-0.6
01/12/1928,-1.2
01/01/1929,-1.2
01/02/1929,0
01/03/1929,-0.6
01/04/1929,-1.2
01/05/1929,-1.2
01/06/1929,0
01/07/1929,1.2
01/08/1929,1.2
01/09/1929,0
01/10/1929,0.6
01/11/1929,0.6
01/12/1929,0.6
01/01/1930,0
01/02/1930,-0.6
01/03/1930,-0.6
01/04/1930,0.6
01/05/1930,-0.6
01/06/1930,-1.8
01/07/1930,-4
01/08/1930,-4.6
01/09/1930,-4
01/10/1930,-4.6
01/11/1930,-5.2
01/12/1930,-6.4
01/01/1931,-7
01/02/1931,-7.6
01/03/1931,-7.7
01/04/1931,-8.8
01/05/1931,-9.5
01/06/1931,-10.1
01/07/1931,-9
01/08/1931,-8.5
01/09/1931,-9.6
01/10/1931,-9.7
01/11/1931,-10.4
01/12/1931,-9.3
01/01/1932,-10.1
01/02/1932,-10.2
01/03/1932,-10.3
01/04/1932,-10.3
01/05/1932,-10.5
01/06/1932,-9.9
01/07/1932,-9.9
01/08/1932,-10.6
01/09/1932,-10.7
01/10/1932,-10.7
01/11/1932,-10.2
01/12/1932,-10.3
01/01/1933,-9.8
01/02/1933,-9.9
01/03/1933,-10
01/04/1933,-9.4
01/05/1933,-8
01/06/1933,-6.6
01/07/1933,-3.7
01/08/1933,-2.2
01/09/1933,-1.5
01/10/1933,-0.8
01/11/1933,0
01/12/1933,0.8
01/01/1934,2.3
01/02/1934,4.7
01/03/1934,5.6
01/04/1934,5.6
01/05/1934,5.6
01/06/1934,5.5
01/07/1934,2.3
01/08/1934,1.5
01/09/1934,3
01/10/1934,2.3
01/11/1934,2.3
01/12/1934,1.5
01/01/1935,3
01/02/1935,3
01/03/1935,3
01/04/1935,3.8
01/05/1935,3.8
01/06/1935,2.2
01/07/1935,2.2
01/08/1935,2.2
01/09/1935,0.7
01/10/1935,1.5
01/11/1935,2.2
01/12/1935,3
01/01/1936,1.5
01/02/1936,0.7
01/03/1936,0
01/04/1936,-0.7
01/05/1936,-0.7
01/06/1936,0.7
01/07/1936,1.5
01/08/1936,2.2
01/09/1936,2.2
01/10/1936,2.2
01/11/1936,1.4
01/12/1936,1.4
01/01/1937,2.2
01/02/1937,2.2
01/03/1937,3.6
01/04/1937,4.4
01/05/1937,5.1
01/06/1937,4.3
01/07/1937,4.3
01/08/1937,3.6
01/09/1937,4.3
01/10/1937,4.3
01/11/1937,3.6
01/12/1937,2.9
01/01/1938,0.7
01/02/1938,0
01/03/1938,-0.7
01/04/1938,-0.7
01/05/1938,-2.1
01/06/1938,-2.1
01/07/1938,-2.8
01/08/1938,-2.8
01/09/1938,-3.4
01/10/1938,-4.1
01/11/1938,-3.4
01/12/1938,-2.8
01/01/1939,-1.4
01/02/1939,-1.4
01/03/1939,-1.4
01/04/1939,-2.8
01/05/1939,-2.1
01/06/1939,-2.1
01/07/1939,-2.1
01/08/1939,-2.1
01/09/1939,0
01/10/1939,0
01/11/1939,0
01/12/1939,0
01/01/1940,-0.7
01/02/1940,0.7
01/03/1940,0.7
01/04/1940,1.4
01/05/1940,1.4
01/06/1940,2.2
01/07/1940,1.4
01/08/1940,1.4
01/09/1940,-0.7
01/10/1940,0
01/11/1940,0
01/12/1940,0.7
01/01/1941,1.4
01/02/1941,0.7
01/03/1941,1.4
01/04/1941,2.1
01/05/1941,2.9
01/06/1941,4.3
01/07/1941,5
01/08/1941,6.4
01/09/1941,7.9
01/10/1941,9.3
01/11/1941,10
01/12/1941,9.9
01/01/1942,11.3
01/02/1942,12.1
01/03/1942,12.7
01/04/1942,12.6
01/05/1942,13.2
01/06/1942,10.9
01/07/1942,11.6
01/08/1942,10.7
01/09/1942,9.3
01/10/1942,9.2
01/11/1942,9.1
01/12/1942,9
01/01/1943,7.6
01/02/1943,7
01/03/1943,7.5
01/04/1943,8.1
01/05/1943,7.4
01/06/1943,7.4
01/07/1943,6.1
01/08/1943,4.8
01/09/1943,5.5
01/10/1943,4.2
01/11/1943,3.6
01/12/1943,3
01/01/1944,3
01/02/1944,3
01/03/1944,1.2
01/04/1944,0.6
01/05/1944,0
01/06/1944,0.6
01/07/1944,1.7
01/08/1944,2.3
01/09/1944,1.7
01/10/1944,1.7
01/11/1944,1.7
01/12/1944,2.3
01/01/1945,2.3
01/02/1945,2.3
01/03/1945,2.3
01/04/1945,1.7
01/05/1945,2.3
01/06/1945,2.8
01/07/1945,2.3
01/08/1945,2.3
01/09/1945,2.3
01/10/1945,2.3
01/11/1945,2.3
01/12/1945,2.2
01/01/1946,2.2
01/02/1946,1.7
01/03/1946,2.8
01/04/1946,3.4
01/05/1946,3.4
01/06/1946,3.3
01/07/1946,9.4
01/08/1946,11.6
01/09/1946,12.7
01/10/1946,14.9
01/11/1946,17.7
01/12/1946,18.1
01/01/1947,18.1
01/02/1947,18.8
01/03/1947,19.7
01/04/1947,19
01/05/1947,18.4
01/06/1947,17.6
01/07/1947,12.1
01/08/1947,11.4
01/09/1947,12.7
01/10/1947,10.6
01/11/1947,8.5
01/12/1947,8.8
01/01/1948,10.2
01/02/1948,9.3
01/03/1948,6.8
01/04/1948,8.7
01/05/1948,9.1
01/06/1948,9.5
01/07/1948,9.9
01/08/1948,8.9
01/09/1948,6.5
01/10/1948,6.1
01/11/1948,4.8
01/12/1948,3
01/01/1949,1.3
01/02/1949,1.3
01/03/1949,1.7
01/04/1949,0.4
01/05/1949,-0.4
01/06/1949,-0.8
01/07/1949,-2.9
01/08/1949,-2.9
01/09/1949,-2.4
01/10/1949,-2.9
01/11/1949,-1.7
01/12/1949,-2.1
01/01/1950,-2.1
01/02/1950,-1.3
01/03/1950,-0.8
01/04/1950,-1.3
01/05/1950,-0.4
01/06/1950,-0.4
01/07/1950,1.7
01/08/1950,2.1
01/09/1950,2.1
01/10/1950,3.8
01/11/1950,3.8
01/12/1950,5.9
01/01/1951,8.1
01/02/1951,9.4
01/03/1951,9.3
01/04/1951,9.3
01/05/1951,9.3
01/06/1951,8.8
01/07/1951,7.5
01/08/1951,6.6
01/09/1951,7
01/10/1951,6.5
01/11/1951,6.9
01/12/1951,6
01/01/1952,4.3
01/02/1952,2.3
01/03/1952,1.9
01/04/1952,2.3
01/05/1952,1.9
01/06/1952,2.3
01/07/1952,3.1
01/08/1952,3.1
01/09/1952,2.3
01/10/1952,1.9
01/11/1952,1.1
01/12/1952,0.8
01/01/1953,0.4
01/02/1953,0.8
01/03/1953,1.1
01/04/1953,0.8
01/05/1953,1.1
01/06/1953,1.1
01/07/1953,0.4
01/08/1953,0.7
01/09/1953,0.7
01/10/1953,1.1
01/11/1953,0.7
01/12/1953,0.7
01/01/1954,1.1
01/02/1954,1.5
01/03/1954,1.1
01/04/1954,0.8
01/05/1954,0.7
01/06/1954,0.4
01/07/1954,0.4
01/08/1954,0
01/09/1954,-0.4
01/10/1954,-0.7
01/11/1954,-0.4
01/12/1954,-0.7
01/01/1955,-0.7
01/02/1955,-0.7
01/03/1955,-0.7
01/04/1955,-0.4
01/05/1955,-0.7
01/06/1955,-0.7
01/07/1955,-0.4
01/08/1955,-0.4
01/09/1955,0.4
01/10/1955,0.4
01/11/1955,0.4
01/12/1955,0.4
01/01/1956,0.4
01/02/1956,0.4
01/03/1956,0.4
01/04/1956,0.7
01/05/1956,1.1
01/06/1956,1.9
01/07/1956,2.2
01/08/1956,1.9
01/09/1956,1.9
01/10/1956,2.2
01/11/1956,2.2
01/12/1956,3
01/01/1957,3
01/02/1957,3.4
01/03/1957,3.7
01/04/1957,3.7
01/05/1957,3.7
01/06/1957,3.3
01/07/1957,3.3
01/08/1957,3.7
01/09/1957,3.3
01/10/1957,2.9
01/11/1957,3.3
01/12/1957,2.9
01/01/1958,3.6
01/02/1958,3.2
01/03/1958,3.6
01/04/1958,3.6
01/05/1958,3.2
01/06/1958,2.8
01/07/1958,2.5
01/08/1958,2.1
01/09/1958,2.1
01/10/1958,2.1
01/11/1958,2.1
01/12/1958,1.8
01/01/1959,1.4
01/02/1959,1
01/03/1959,0.3
01/04/1959,0.3
01/05/1959,0.3
01/06/1959,0.7
01/07/1959,0.7
01/08/1959,1
01/09/1959,1.4
01/10/1959,1.7
01/11/1959,1.4
01/12/1959,1.7
01/01/1960,1
01/02/1960,1.7
01/03/1960,1.7
01/04/1960,1.7
01/05/1960,1.7
01/06/1960,1.7
01/07/1960,1.4
01/08/1960,1.4
01/09/1960,1
01/10/1960,1.4
01/11/1960,1.4
01/12/1960,1.4
01/01/1961,1.7
01/02/1961,1.4
01/03/1961,1.4
01/04/1961,1
01/05/1961,1
01/06/1961,0.7
01/07/1961,1.4
01/08/1961,1
01/09/1961,1.4
01/10/1961,0.7
01/11/1961,0.7
01/12/1961,0.7
01/01/1962,0.7
01/02/1962,1
01/03/1962,1
01/04/1962,1.3
01/05/1962,1.3
01/06/1962,1.3
01/07/1962,1
01/08/1962,1.3
01/09/1962,1.3
01/10/1962,1.3
01/11/1962,1.3
01/12/1962,1.3
01/01/1963,1.3
01/02/1963,1
01/03/1963,1.3
01/04/1963,1
01/05/1963,1
01/06/1963,1.3
01/07/1963,1.3
01/08/1963,1.3
01/09/1963,1
01/10/1963,1.3
01/11/1963,1.3
01/12/1963,1.6
01/01/1964,1.6
01/02/1964,1.6
01/03/1964,1.3
01/04/1964,1.3
01/05/1964,1.3
01/06/1964,1.3
01/07/1964,1.3
01/08/1964,1
01/09/1964,1.3
01/10/1964,1
01/11/1964,1.3
01/12/1964,1
01/01/1965,1
01/02/1965,1
01/03/1965,1.3
01/04/1965,1.6
01/05/1965,1.6
01/06/1965,1.9
01/07/1965,1.6
01/08/1965,1.9
01/09/1965,1.6
01/10/1965,1.9
01/11/1965,1.6
01/12/1965,1.9
01/01/1966,1.9
01/02/1966,2.6
01/03/1966,2.6
01/04/1966,2.9
01/05/1966,2.9
01/06/1966,2.5
01/07/1966,2.8
01/08/1966,3.5
01/09/1966,3.5
01/10/1966,3.8
01/11/1966,3.8
01/12/1966,3.5
01/01/1967,3.5
01/02/1967,2.8
01/03/1967,2.8
01/04/1967,2.5
01/05/1967,2.8
01/06/1967,2.8
01/07/1967,2.8
01/08/1967,2.4
01/09/1967,2.8
01/10/1967,2.4
01/11/1967,2.7
01/12/1967,3
01/01/1968,3.6
01/02/1968,4
01/03/1968,3.9
01/04/1968,3.9
01/05/1968,3.9
01/06/1968,4.2
01/07/1968,4.5
01/08/1968,4.5
01/09/1968,4.5
01/10/1968,4.7
01/11/1968,4.7
01/12/1968,4.7
01/01/1969,4.4
01/02/1969,4.7
01/03/1969,5.2
01/04/1969,5.5
01/05/1969,5.5
01/06/1969,5.5
01/07/1969,5.4
01/08/1969,5.7
01/09/1969,5.7
01/10/1969,5.7
01/11/1969,5.9
01/12/1969,6.2
01/01/1970,6.2
01/02/1970,6.1
01/03/1970,5.8
01/04/1970,6.1
01/05/1970,6
01/06/1970,6
01/07/1970,6
01/08/1970,5.4
01/09/1970,5.7
01/10/1970,5.6
01/11/1970,5.6
01/12/1970,5.6
01/01/1971,5.3
01/02/1971,5
01/03/1971,4.7
01/04/1971,4.2
01/05/1971,4.4
01/06/1971,4.6
01/07/1971,4.4
01/08/1971,4.6
01/09/1971,4.1
01/10/1971,3.8
01/11/1971,3.3
01/12/1971,3.3
01/01/1972,3.3
01/02/1972,3.5
01/03/1972,3.5
01/04/1972,3.5
01/05/1972,3.2
01/06/1972,2.7
01/07/1972,2.9
01/08/1972,2.9
01/09/1972,3.2
01/10/1972,3.4
01/11/1972,3.7
01/12/1972,3.4
01/01/1973,3.6
01/02/1973,3.9
01/03/1973,4.6
01/04/1973,5.1
01/05/1973,5.5
01/06/1973,6
01/07/1973,5.7
01/08/1973,7.4
01/09/1973,7.4
01/10/1973,7.8
01/11/1973,8.3
01/12/1973,8.7
01/01/1974,9.4
01/02/1974,10
01/03/1974,10.4
01/04/1974,10.1
01/05/1974,10.7
01/06/1974,10.9
01/07/1974,11.5
01/08/1974,10.9
01/09/1974,11.9
01/10/1974,12.1
01/11/1974,12.2
01/12/1974,12.3
01/01/1975,11.8
01/02/1975,11.2
01/03/1975,10.3
01/04/1975,10.2
01/05/1975,9.5
01/06/1975,9.4
01/07/1975,9.7
01/08/1975,8.6
01/09/1975,7.9
01/10/1975,7.4
01/11/1975,7.4
01/12/1975,6.9
01/01/1976,6.7
01/02/1976,6.3
01/03/1976,6.1
01/04/1976,6
01/05/1976,6.2
01/06/1976,6
01/07/1976,5.4
01/08/1976,5.7
01/09/1976,5.5
01/10/1976,5.5
01/11/1976,4.9
01/12/1976,4.9
01/01/1977,5.2
01/02/1977,5.9
01/03/1977,6.4
01/04/1977,7
01/05/1977,6.7
01/06/1977,6.9
01/07/1977,6.8
01/08/1977,6.6
01/09/1977,6.6
01/10/1977,6.4
01/11/1977,6.7
01/12/1977,6.7
01/01/1978,6.8
01/02/1978,6.4
01/03/1978,6.6
01/04/1978,6.5
01/05/1978,7
01/06/1978,7.4
01/07/1978,7.7
01/08/1978,7.8
01/09/1978,8.3
01/10/1978,8.9
01/11/1978,8.9
01/12/1978,9
01/01/1979,9.3
01/02/1979,9.9
01/03/1979,10.1
01/04/1979,10.5
01/05/1979,10.9
01/06/1979,10.9
01/07/1979,11.3
01/08/1979,11.8
01/09/1979,12.2
01/10/1979,12.1
01/11/1979,12.6
01/12/1979,13.3
01/01/1980,13.9
01/02/1980,14.2
01/03/1980,14.8
01/04/1980,14.7
01/05/1980,14.4
01/06/1980,14.4
01/07/1980,13.1
01/08/1980,12.9
01/09/1980,12.6
01/10/1980,12.8
01/11/1980,12.6
01/12/1980,12.5
01/01/1981,11.8
01/02/1981,11.4
01/03/1981,10.5
01/04/1981,10
01/05/1981,9.8
01/06/1981,9.6
01/07/1981,10.8
01/08/1981,10.8
01/09/1981,11
01/10/1981,10.1
01/11/1981,9.6
01/12/1981,8.9
01/01/1982,8.4
01/02/1982,7.6
01/03/1982,6.8
01/04/1982,6.5
01/05/1982,6.7
01/06/1982,7.1
01/07/1982,6.4
01/08/1982,5.9
01/09/1982,5
01/10/1982,5.1
01/11/1982,4.6
01/12/1982,3.8
01/01/1983,3.7
01/02/1983,3.5
01/03/1983,3.6
01/04/1983,3.9
01/05/1983,3.5
01/06/1983,2.6
01/07/1983,2.5
01/08/1983,2.6
01/09/1983,2.9
01/10/1983,2.9
01/11/1983,3.3
01/12/1983,3.8
01/01/1984,4.2
01/02/1984,4.6
01/03/1984,4.8
01/04/1984,4.6
01/05/1984,4.2
01/06/1984,4.2
01/07/1984,4.2
01/08/1984,4.3
01/09/1984,4.3
01/10/1984,4.3
01/11/1984,4.1
01/12/1984,3.9
01/01/1985,3.5
01/02/1985,3.5
01/03/1985,3.7
01/04/1985,3.7
01/05/1985,3.8
01/06/1985,3.8
01/07/1985,3.6
01/08/1985,3.3
01/09/1985,3.1
01/10/1985,3.2
01/11/1985,3.5
01/12/1985,3.8
01/01/1986,3.9
01/02/1986,3.1
01/03/1986,2.3
01/04/1986,1.6
01/05/1986,1.5
01/06/1986,1.8
01/07/1986,1.6
01/08/1986,1.6
01/09/1986,1.8
01/10/1986,1.5
01/11/1986,1.3
01/12/1986,1.1
01/01/1987,1.5
01/02/1987,2.1
01/03/1987,3
01/04/1987,3.8
01/05/1987,3.9
01/06/1987,3.7
01/07/1987,3.9
01/08/1987,4.3
01/09/1987,4.4
01/10/1987,4.5
01/11/1987,4.5
01/12/1987,4.4
01/01/1988,4
01/02/1988,3.9
01/03/1988,3.9
01/04/1988,3.9
01/05/1988,3.9
01/06/1988,4
01/07/1988,4.1
01/08/1988,4
01/09/1988,4.2
01/10/1988,4.2
01/11/1988,4.2
01/12/1988,4.4
01/01/1989,4.7
01/02/1989,4.8
01/03/1989,5
01/04/1989,5.1
01/05/1989,5.4
01/06/1989,5.2
01/07/1989,5
01/08/1989,4.7
01/09/1989,4.3
01/10/1989,4.5
01/11/1989,4.7
01/12/1989,4.6
01/01/1990,5.2
01/02/1990,5.3
01/03/1990,5.2
01/04/1990,4.7
01/05/1990,4.4
01/06/1990,4.7
01/07/1990,4.8
01/08/1990,5.6
01/09/1990,6.2
01/10/1990,6.3
01/11/1990,6.3
01/12/1990,6.1
01/01/1991,5.7
01/02/1991,5.3
01/03/1991,4.9
01/04/1991,4.9
01/05/1991,5
01/06/1991,4.7
01/07/1991,4.4
01/08/1991,3.8
01/09/1991,3.4
01/10/1991,2.9
01/11/1991,3
01/12/1991,3.1
01/01/1992,2.6
01/02/1992,2.8
01/03/1992,3.2
01/04/1992,3.2
01/05/1992,3
01/06/1992,3.1
01/07/1992,3.2
01/08/1992,3.1
01/09/1992,3
01/10/1992,3.2
01/11/1992,3
01/12/1992,2.9
01/01/1993,3.3
01/02/1993,3.2
01/03/1993,3.1
01/04/1993,3.2
01/05/1993,3.2
01/06/1993,3
01/07/1993,2.8
01/08/1993,2.8
01/09/1993,2.7
01/10/1993,2.8
01/11/1993,2.7
01/12/1993,2.7
01/01/1994,2.5
01/02/1994,2.5
01/03/1994,2.5
01/04/1994,2.4
01/05/1994,2.3
01/06/1994,2.5
01/07/1994,2.8
01/08/1994,2.9
01/09/1994,3
01/10/1994,2.6
01/11/1994,2.7
01/12/1994,2.7
01/01/1995,2.8
01/02/1995,2.9
01/03/1995,2.9
01/04/1995,3.1
01/05/1995,3.2
01/06/1995,3
01/07/1995,2.8
01/08/1995,2.6
01/09/1995,2.5
01/10/1995,2.8
01/11/1995,2.6
01/12/1995,2.5
01/01/1996,2.7
01/02/1996,2.7
01/03/1996,2.8
01/04/1996,2.9
01/05/1996,2.9
01/06/1996,2.8
01/07/1996,3
01/08/1996,2.9
01/09/1996,3
01/10/1996,3
01/11/1996,3.3
01/12/1996,3.3
01/01/1997,3
01/02/1997,3
01/03/1997,2.8
01/04/1997,2.5
01/05/1997,2.2
01/06/1997,2.3
01/07/1997,2.2
01/08/1997,2.2
01/09/1997,2.2
01/10/1997,2.1
01/11/1997,1.8
01/12/1997,1.7
01/01/1998,1.6
01/02/1998,1.4
01/03/1998,1.4
01/04/1998,1.4
01/05/1998,1.7
01/06/1998,1.7
01/07/1998,1.7
01/08/1998,1.6
01/09/1998,1.5
01/10/1998,1.5
01/11/1998,1.5
01/12/1998,1.6
01/01/1999,1.7
01/02/1999,1.6
01/03/1999,1.7
01/04/1999,2.3
01/05/1999,2.1
01/06/1999,2
01/07/1999,2.1
01/08/1999,2.3
01/09/1999,2.6
01/10/1999,2.6
01/11/1999,2.6
01/12/1999,2.7
01/01/2000,2.7
01/02/2000,3.2
01/03/2000,3.8
01/04/2000,3.1
01/05/2000,3.2
01/06/2000,3.7
01/07/2000,3.7
01/08/2000,3.4
01/09/2000,3.5
01/10/2000,3.4
01/11/2000,3.4
01/12/2000,3.4
01/01/2001,3.7
01/02/2001,3.5
01/03/2001,2.9
01/04/2001,3.3
01/05/2001,3.6
01/06/2001,3.2
01/07/2001,2.7
01/08/2001,2.7
01/09/2001,2.6
01/10/2001,2.1
01/11/2001,1.9
01/12/2001,1.6
01/01/2002,1.1
01/02/2002,1.1
01/03/2002,1.5
01/04/2002,1.6
01/05/2002,1.2
01/06/2002,1.1
01/07/2002,1.5
01/08/2002,1.8
01/09/2002,1.5
01/10/2002,2
01/11/2002,2.2
01/12/2002,2.4
01/01/2003,2.6
01/02/2003,3
01/03/2003,3
01/04/2003,2.2
01/05/2003,2.1
01/06/2003,2.1
01/07/2003,2.1
01/08/2003,2.2
01/09/2003,2.3
01/10/2003,2
01/11/2003,1.8
01/12/2003,1.9
01/01/2004,1.9
01/02/2004,1.7
01/03/2004,1.7
01/04/2004,2.3
01/05/2004,3.1
01/06/2004,3.3
01/07/2004,3
01/08/2004,2.7
01/09/2004,2.5
01/10/2004,3.2
01/11/2004,3.5
01/12/2004,3.3
01/01/2005,3
01/02/2005,3
01/03/2005,3.1
01/04/2005,3.5
01/05/2005,2.8
01/06/2005,2.5
01/07/2005,3.2
01/08/2005,3.6
01/09/2005,4.7
01/10/2005,4.3
01/11/2005,3.5
01/12/2005,3.4
01/01/2006,4
01/02/2006,3.6
01/03/2006,3.4
01/04/2006,3.5
01/05/2006,4.2
01/06/2006,4.3
01/07/2006,4.1
01/08/2006,3.8
01/09/2006,2.1
01/10/2006,1.3
01/11/2006,2
01/12/2006,2.5
01/01/2007,2.1
01/02/2007,2.4
01/03/2007,2.8
01/04/2007,2.6
01/05/2007,2.7
01/06/2007,2.7
01/07/2007,2.4
01/08/2007,2
01/09/2007,2.8
01/10/2007,3.5
01/11/2007,4.3
01/12/2007,4.1
01/01/2008,4.3
01/02/2008,4
01/03/2008,4
01/04/2008,3.9
01/05/2008,4.2
01/06/2008,5
01/07/2008,5.6
01/08/2008,5.4
01/09/2008,4.9
01/10/2008,3.7
01/11/2008,1.1
01/12/2008,0.1
01/01/2009,0
01/02/2009,0.2
01/03/2009,-0.4
01/04/2009,-0.7
01/05/2009,-1.3
01/06/2009,-1.4
01/07/2009,-2.1
01/08/2009,-1.5
01/09/2009,-1.3
01/10/2009,-0.2
01/11/2009,1.8
01/12/2009,2.7
01/01/2010,2.6
01/02/2010,2.1
01/03/2010,2.3
01/04/2010,2.2
01/05/2010,2
01/06/2010,1.1
01/07/2010,1.2
01/08/2010,1.1
01/09/2010,1.1
01/10/2010,1.2
01/11/2010,1.1
01/12/2010,1.5
01/01/2011,1.6
01/02/2011,2.1
01/03/2011,2.7
01/04/2011,3.2
01/05/2011,3.6
01/06/2011,3.6
01/07/2011,3.6
01/08/2011,3.8
01/09/2011,3.9
01/10/2011,3.5
01/11/2011,3.4
01/12/2011,3
01/01/2012,2.9
01/02/2012,2.9
01/03/2012,2.7
01/04/2012,2.3
01/05/2012,1.7
01/06/2012,1.7
01/07/2012,1.4
01/08/2012,1.7
01/09/2012,2
01/10/2012,2.2
01/11/2012,1.8
01/12/2012,1.7
01/01/2013,1.6
01/02/2013,2
01/03/2013,1.5
01/04/2013,1.1
01/05/2013,1.4
01/06/2013,1.8
01/07/2013,2
01/08/2013,1.5
01/09/2013,1.2
01/10/2013,1
01/11/2013,1.2
01/12/2013,1.5
01/01/2014,1.6
01/02/2014,1.1
01/03/2014,1.5
01/04/2014,2
01/05/2014,2.1
01/06/2014,2.1
01/07/2014,2
01/08/2014,1.7
01/09/2014,1.7
01/10/2014,1.7
01/11/2014,1.3
01/12/2014,0.8
01/01/2015,-0.1
01/02/2015,0
01/03/2015,-0.1
01/04/2015,-0.2
01/05/2015,0
01/06/2015,0.1
01/07/2015,0.2
01/08/2015,0.2
01/09/2015,0
01/10/2015,0.2
01/11/2015,0.5
01/12/2015,0.7
01/01/2016,1.4
01/02/2016,1
01/03/2016,0.9
01/04/2016,1.1
01/05/2016,1
01/06/2016,1
01/07/2016,0.8
01/08/2016,1.1
01/09/2016,1.5
01/10/2016,1.6
01/11/2016,1.7
01/12/2016,2.1
01/01/2017,2.5
01/02/2017,2.7
01/03/2017,2.4
01/04/2017,2.2
01/05/2017,1.9
01/06/2017,1.6
01/07/2017,1.7
01/08/2017,1.9
01/09/2017,2.2
01/10/2017,2
01/11/2017,2.2
01/12/2017,2.1
01/01/2018,2.1
01/02/2018,2.2
01/03/2018,2.4
01/04/2018,2.5
01/05/2018,2.8
01/06/2018,2.9
01/07/2018,2.9
01/08/2018,2.7
01/09/2018,2.3
01/10/2018,2.5
01/11/2018,2.2
01/12/2018,1.9
01/01/2019,1.6
01/02/2019,1.5
01/03/2019,1.9
01/04/2019,2
01/05/2019,1.8
01/06/2019,1.6
01/07/2019,1.8
01/08/2019,1.7
01/09/2019,1.7
01/10/2019,1.8
01/11/2019,2.1
01/12/2019,2.3
01/01/2020,2.5
01/02/2020,2.3
01/03/2020,1.5
01/04/2020,0.3
01/05/2020,0.1
01/06/2020,0.6
01/07/2020,1
01/08/2020,1.3
01/09/2020,1.4
01/10/2020,1.2
01/11/2020,1.2
01/12/2020,1.4
01/01/2021,1.4
01/02/2021,1.7
01/03/2021,2.6
01/04/2021,4.2
01/05/2021,5
01/06/2021,5.4
01/07/2021,5.4
01/08/2021,5.3
01/09/2021,5.4
01/10/2021,6.2
01/11/2021,6.8
01/12/2021,7
01/01/2022,7.5
01/02/2022,7.9
01/03/2022,8.5
01/04/2022,8.3
01/05/2022,8.6
01/06/2022,9.1
01/07/2022,8.5
01/08/2022,8.3
01/09/2022,8.2
01/10/2022,7.7
01/11/2022,7.1
01/12/2022,6.5
01/01/2023,6.4
01/02/2023,6
01/03/2023,5
01/04/2023,4.9
01/05/2023,4
01/06/2023,3
01/07/2023,3.2
01/08/2023,3.7
01/09/2023,3.7
01/10/2023,3.2
01/11/2023,3.1
